40,,,,https://signsuisse.sgb-fss.ch/fr/lexikon/g/quarante/,,lsf-1 chiffre mathématique
60,,,,https://signsuisse.sgb-fss.ch/fr/lexikon/g/soixante/,,lsf-1 chiffre mathématique
70,,,,https://signsuisse.sgb-fss.ch/fr/lexikon/g/septante/,,lsf-1 chiffre mathématique
80,,,,https://signsuisse.sgb-fss.ch/fr/lexikon/g/huitante-quatre-vingts/,,lsf-1 chiffre mathématique
100,,,,https://signsuisse.sgb-fss.ch/fr/lexikon/g/cent/,,lsf-1 chiffre mathématique
1000,,,,https://signsuisse.sgb-fss.ch/fr/lexikon/g/mille-1/,,lsf-2 chiffre mathématique
6ème,,,,,,lsf-1 mathématique
abeille,,,,https://signsuisse.sgb-fss.ch/fr/lexikon/g/abeille/,,lsf-1 animal
abricot,,,,https://signsuisse.sgb-fss.ch/fr/lexikon/g/abricot/,,lsf-1 nature nourriture
accepter,,,,https://signsuisse.sgb-fss.ch/fr/lexikon/g/accepter/,,lsf-2 verbe
accident,,,,https://signsuisse.sgb-fss.ch/fr/lexikon/g/accident/,,lsf-2 
accompagner,,,,https://signsuisse.sgb-fss.ch/fr/lexikon/g/accompagner/,,lsf-1 verbe verbe-dir
accrocher,,,,https://signsuisse.sgb-fss.ch/fr/lexikon/g/accrocher/,,lsf-2 verbe
acheter,,,,https://signsuisse.sgb-fss.ch/fr/lexikon/g/acheter/,,lsf-1 verbe
acouphène,,,,,,lsf-1 
acteur - actrice,,,,,,lsf-1 profession
administration,,,,https://signsuisse.sgb-fss.ch/fr/lexikon/g/administration/,,lsf-2 
admirer,,,,https://signsuisse.sgb-fss.ch/fr/lexikon/g/admirer/,,lsf-1 verbe
adorer,,,(variante fribourgeoise vue en cours),https://signsuisse.sgb-fss.ch/fr/lexikon/g/adorer/,,lsf-1 verbe
adresse,Indication de lieu.,,,https://signsuisse.sgb-fss.ch/fr/lexikon/g/adresse-1/,,lsf-2 
Afrique,,,,https://signsuisse.sgb-fss.ch/fr/lexikon/g/afrique/,,lsf-2 continent lieu
agence,Entreprise commerciale servant d'intermédiaire.,[sound:agence.mp4],,,,lsf-2 service
agneau,,,,,,lsf-1 animal
aider,,[sound:aider.mp4],,https://signsuisse.sgb-fss.ch/fr/lexikon/g/aider/,,lsf-2 
aigle,,,,https://signsuisse.sgb-fss.ch/fr/lexikon/g/aigle/,,lsf-2 animal
aimer,,,,https://signsuisse.sgb-fss.ch/fr/lexikon/g/aimer/,,lsf-1 verbe verbe-aff-nég
ajouter,,,,https://signsuisse.sgb-fss.ch/fr/lexikon/g/ajouter/,,lsf-2 verbe
Aligro,,,,https://signsuisse.sgb-fss.ch/fr/lexikon/g/aligro/,,lsf-2 lieu
Allemagne,,,,https://signsuisse.sgb-fss.ch/fr/lexikon/g/allemagne/,,lsf-1 lieu pays
allemand,,,,https://signsuisse.sgb-fss.ch/fr/lexikon/g/allemand/,,lsf-1 langue
aller,,,,https://signsuisse.sgb-fss.ch/fr/lexikon/g/aller/,,lsf-1 verbe
aller chercher,,,,https://signsuisse.sgb-fss.ch/fr/lexikon/g/aller-chercher/,,lsf-1 verbe
allumer,P. ex. une lampe.,,,https://signsuisse.sgb-fss.ch/fr/lexikon/g/allumer/,,lsf-1 verbe
allumette,,,,,,lsf-1 outil
alors,,,,,,lsf-1 
ambulance,,[sound:ambulance.mp4],,https://signsuisse.sgb-fss.ch/fr/lexikon/g/ambulance/,,lsf-2 
amende,Contravention.,,,https://signsuisse.sgb-fss.ch/fr/lexikon/g/amende/,,lsf-2 
ami-e,,[sound:ami-e.mp4],,,,lsf-1 
amoureux - amoureuse,,[sound:amoureux - amoureuse.mp4],,https://signsuisse.sgb-fss.ch/fr/lexikon/g/amoureux-amoureuse/,,lsf-1 adjectif sentiment
ananas,,[sound:ananas.mp4],,,,lsf-1 nature nourriture
Android,,,,,,lsf-1 technologie
ange,,,,,,lsf-1 
anglais,,,,https://signsuisse.sgb-fss.ch/fr/lexikon/g/anglais/,,lsf-1 langue
anniversaire,,,,,,lsf-1 
annuler,,,,https://signsuisse.sgb-fss.ch/fr/lexikon/g/annuler/,,lsf-2 verbe
année,,,,,,lsf-1 
antenne,,,,https://signsuisse.sgb-fss.ch/fr/lexikon/g/antenne-1-1/,,lsf-2 technologie
août,,,,https://signsuisse.sgb-fss.ch/fr/lexikon/g/aout/,,lsf-1 calendrier
apercevoir,,,,https://signsuisse.sgb-fss.ch/fr/lexikon/g/apercevoir/,,lsf-1 verbe verbe-dir
appareil acoustique,,,,https://signsuisse.sgb-fss.ch/fr/lexikon/g/appareil-acoustique/,,lsf-1 outil
appartement,,,,https://signsuisse.sgb-fss.ch/fr/lexikon/g/appartement/,,lsf-1 
Appenzell,,,,https://signsuisse.sgb-fss.ch/fr/lexikon/g/appenzell/,,lsf-2 canton lieu
apporter,,,,https://signsuisse.sgb-fss.ch/fr/lexikon/g/apporter/,,lsf-1 verbe
apprendre,Lorsque nous ne savions pas quelque chose et que nous l'apprenons.,,,https://signsuisse.sgb-fss.ch/fr/lexikon/g/apprendre/,,lsf-1 verbe
apprendre par cœur,,,,,,lsf-1 formule
après,,,,https://signsuisse.sgb-fss.ch/fr/lexikon/g/apres/,,lsf-1 préposition
après-midi,,,,https://signsuisse.sgb-fss.ch/fr/lexikon/g/apres-midi/,,lsf-1 calendrier
apéro,,,,,,lsf-2 activité
araignée,,,,,,lsf-1 animal
arbre,,,,,,lsf-1 nature
arc-en-ciel,,,,,,lsf-1 nature
argent,,,,,,lsf-2 
Argovie,,,,,,lsf-2 canton lieu
arracher,,,,https://signsuisse.sgb-fss.ch/fr/lexikon/g/arracher/,,lsf-2 verbe verbe-loc
arriver,,,,https://signsuisse.sgb-fss.ch/fr/lexikon/g/arriver-1/,,lsf-1 verbe
arrière grand-mère,,,,,,lsf-1 famille
arrière grand-père,,,,,,lsf-1 famille
arroser,,,,,,lsf-2 
arrêter,"Appréhender, emprisonner, capturer.",[sound:arrêter.mp4],,https://signsuisse.sgb-fss.ch/fr/lexikon/g/arreter-2/,,lsf-2 verbe verbe-dir
arrêter (cesser),"Cesser d'agir, de faire quelque chose.",,,https://signsuisse.sgb-fss.ch/fr/lexikon/g/arreter-1/,,lsf-1 verbe
artiste,,,,https://signsuisse.sgb-fss.ch/fr/lexikon/g/artiste/,,lsf-2 profession
Ascension,,,,,,lsf-1 activité événement
Asie,,,,,,lsf-2 
assiette,,,,,,lsf-2 outil
assurance maladie,,,,,,lsf-2 service
athée,,,religion + ne pas avoir,https://signsuisse.sgb-fss.ch/fr/lexikon/g/athee/,,lsf-2 
attendre,,,,https://signsuisse.sgb-fss.ch/fr/lexikon/g/attendre/,,lsf-1 verbe
attention!,,,,https://signsuisse.sgb-fss.ch/fr/lexikon/g/attention/,,lsf-2 formule
au total,,,,,,lsf-1 formule
aubergine,,,,,,lsf-2 
aujourd'hui,,,,https://signsuisse.sgb-fss.ch/fr/lexikon/g/aujourdhui/,,lsf-1 calendrier
aussi,,,,https://signsuisse.sgb-fss.ch/fr/lexikon/g/aussi/,,lsf-1 
Australie,,,,,,lsf-2 lieu pays
automne,,,,,,lsf-1 
autonome,,,,https://signsuisse.sgb-fss.ch/fr/lexikon/g/autonome/,,lsf-2 adjectif
autoroute,,,,,,lsf-2 
autre,,,,https://signsuisse.sgb-fss.ch/fr/lexikon/g/autre/,,lsf-1 pronom
Autriche,,,,,,lsf-1 lieu pays
autruche,,,,,,lsf-1 animal
avaler,,,,https://signsuisse.sgb-fss.ch/fr/lexikon/g/avaler/,,lsf-1 verbe
avant,,,,https://signsuisse.sgb-fss.ch/fr/lexikon/g/avant-1/,,lsf-1 préposition
avantage,,,aimer (plusieurs fois en petit),,,lsf-2 
avec,,,,https://signsuisse.sgb-fss.ch/fr/lexikon/g/avec/,,lsf-1 préposition
Avent,,,,https://signsuisse.sgb-fss.ch/fr/lexikon/g/avent/,,lsf-1 activité
aventure,,,,,,lsf-2 
aveugle,,,,,,lsf-1 adjectif
avoir,,,,https://signsuisse.sgb-fss.ch/fr/lexikon/g/avoir/,,lsf-1 verbe verbe-aff-nég
avoir besoin,,,,https://signsuisse.sgb-fss.ch/fr/lexikon/g/avoir-besoin/,,lsf-1 verbe verbe-aff-nég
avoir de la chance,,,,,,lsf-1 formule
avoir envie,,,,https://signsuisse.sgb-fss.ch/fr/lexikon/g/avoir-envie/,,lsf-1 verbe verbe-aff-nég
avoir faim,,,,https://signsuisse.sgb-fss.ch/fr/lexikon/g/faim/,,lsf-1 verbe
avoir mal,,,,,,lsf-1 médecine
avoir raison,,,,https://signsuisse.sgb-fss.ch/fr/lexikon/g/raison/,,lsf-1 formule verbe
avoir tort,,,(se signe comme «faux (pas juste) »),,,lsf-2 verbe
avril,,,,https://signsuisse.sgb-fss.ch/fr/lexikon/g/avril/,,lsf-1 calendrier
aéroport,,[sound:aéroport.mp4],,https://signsuisse.sgb-fss.ch/fr/lexikon/g/aeroport/,,lsf-2 lieu transport
aïe!,,,,,,lsf-1 interjection
bain,,,,,,lsf-2 
balcon,,,,https://signsuisse.sgb-fss.ch/fr/lexikon/g/balcon/,,lsf-2 bâtiment lieu
baleine,,,,,,lsf-1 animal
banane,,,,,,lsf-1 nature nourriture
bar,,,,,,lsf-1 lieu
bataille,,,,,,lsf-1 
bateau,,,,https://signsuisse.sgb-fss.ch/fr/lexikon/g/bateau/,,lsf-1 outil transport
bateau à voile,,,,,,lsf-1 outil transport
battre,,,,https://signsuisse.sgb-fss.ch/fr/lexikon/g/battre-2/,,lsf-1 verbe verbe-dir
beau - belle,,,,,,lsf-1 adjectif
beau-père,,,,,,lsf-1 famille
beaucoup,,,,https://signsuisse.sgb-fss.ch/fr/lexikon/g/beaucoup/,,lsf-1 adverbe
beaux-parents,,,,,,lsf-1 famille
beige,,,,,,lsf-1 couleur
Belgique,,,,,,lsf-1 lieu pays
belle-mère,,,,,,lsf-1 famille
Berne,,,,,,lsf-2 canton lieu
beurre,,,,,,lsf-1 nourriture
bientôt,,,,https://signsuisse.sgb-fss.ch/fr/lexikon/g/bientot/,,lsf-1 adverbe
bienvenue,,,,https://signsuisse.sgb-fss.ch/fr/lexikon/g/bienvenue/,,lsf-2 formule
bijou,,,,,,lsf-1 
billet,,,,,,lsf-2 
bio,,,,,,lsf-2 adjectif
biscuit,,,,https://signsuisse.sgb-fss.ch/fr/lexikon/g/biscuit/,,lsf-1 nourriture
bissextile,,,,,,lsf-2 calendrier
bizarre,,,,,,lsf-1 adjectif
bière,,,,,,lsf-1 nourriture
blanc,,,,,,lsf-1 couleur
blesser,,,,https://signsuisse.sgb-fss.ch/fr/lexikon/g/blesse-blesser/,,lsf-2 verbe verbe-loc
bleu,,,,,,lsf-1 couleur
blé,,,,,,lsf-2 
boire (animaux),,,,https://signsuisse.sgb-fss.ch/fr/lexikon/g/boire-2/,,lsf-1 verbe
boire (humains),,,,https://signsuisse.sgb-fss.ch/fr/lexikon/g/boire-1/,,lsf-1 verbe
bois,,,,https://signsuisse.sgb-fss.ch/fr/lexikon/g/bois/,,lsf-1 bâtiment
bon,,,,,,lsf-1 adjectif
bon appétit!,,,,,,lsf-1 formule
bonhomme de neige,,,,,,lsf-2 
bonjour,,,,,,lsf-1 
bonsoir,,,,,,lsf-1 
bordeau,,,,,,lsf-1 couleur
boucher - bouchère,,,,https://signsuisse.sgb-fss.ch/fr/lexikon/g/boucher-bouchere/,,lsf-2 profession
boucherie,,,,,,lsf-2 
bouchon (embouteillage),,,,https://signsuisse.sgb-fss.ch/fr/lexikon/g/embouteillage/,,lsf-1 transport
bouddhiste,,,,https://signsuisse.sgb-fss.ch/fr/lexikon/g/bouddhiste/,,lsf-2 religion
bougie,,,,https://signsuisse.sgb-fss.ch/fr/lexikon/g/bougie/,,lsf-1 outil
boulanger,,,,,,lsf-2 
boulanger - boulangère,,,,https://signsuisse.sgb-fss.ch/fr/lexikon/g/boulanger-boulangere/,,lsf-2 profession
boule,,,,,,lsf-1 
bourré,,,,,,lsf-1 adjectif
boxe,,,,,,lsf-2 sport
branche,,,,,,lsf-1 nature
brique,,,,,,lsf-1 bâtiment
brouillard,,,,,,lsf-1 nature
bruit,,,,https://signsuisse.sgb-fss.ch/fr/lexikon/g/bruit/,,lsf-1 
brun,,,,,,lsf-1 couleur
brûler,,,,https://signsuisse.sgb-fss.ch/fr/lexikon/g/bruler/,,lsf-2 verbe
buffet,"Repas, self-service.",,,https://signsuisse.sgb-fss.ch/fr/lexikon/g/buffet-2/,,lsf-2 nourriture
bureau,"Lieu de travail. Aussi, meuble ou l'on travaille.",,,https://signsuisse.sgb-fss.ch/fr/lexikon/g/bureau-1/,,lsf-2 lieu outil
bus,,,,https://signsuisse.sgb-fss.ch/fr/lexikon/g/autobus-trolleybus-bus/,,lsf-1 outil transport
Bâle,,,,,,lsf-2 canton lieu
bébé,,,,https://signsuisse.sgb-fss.ch/fr/lexikon/g/bebe/,,lsf-1 famille
bélier,,[sound:bélier.mp4],,https://signsuisse.sgb-fss.ch/fr/lexikon/g/belier/,,lsf-2 animal
bénévole,,,,,,lsf-1 adjectif
bête,,,,,,lsf-1 adjectif
bûche de Noël,,,,,,lsf-2 nourriture
caca,,,,https://signsuisse.sgb-fss.ch/fr/lexikon/g/caca/,,lsf-2 
cadeau,,,,,,lsf-1 
café,,,,https://signsuisse.sgb-fss.ch/fr/lexikon/g/cafe/,,lsf-1 nourriture
calamar,,,,,,lsf-2 animal
calendrier,,,,,,lsf-1 
calme,,,,,,lsf-1 adjectif
campagne,,,,,,lsf-1 lieu
Canada,,,,,,lsf-1 lieu pays
canard,,,,,,lsf-1 animal
cancer,,,,https://signsuisse.sgb-fss.ch/fr/lexikon/g/cancer/,,lsf-2 médecine
capable,,,,,,lsf-1 adjectif
caractère,Trait propre à une personne.,[sound:caractère.mp4],,https://signsuisse.sgb-fss.ch/fr/lexikon/g/caractere/,,lsf-2 
Carnaval,,,,https://signsuisse.sgb-fss.ch/fr/lexikon/g/carnaval/,,lsf-1 activité
carotte,,,,,,lsf-1 nature nourriture
carte d'identité,,,,https://signsuisse.sgb-fss.ch/fr/lexikon/g/carte-didentite/,,lsf-2 outil
carte de crédit,,,,,,lsf-2 
casser,,,,https://signsuisse.sgb-fss.ch/fr/lexikon/g/casser/,,lsf-1 verbe
catholique,,,,,,lsf-2 religion
cathédrale,,,,,,lsf-1 bâtiment
ce - cet - cette - ces,,,,https://signsuisse.sgb-fss.ch/fr/lexikon/g/ce-cet-cette-ces/,,lsf-1 pronom
ce matin,,,,https://signsuisse.sgb-fss.ch/fr/lexikon/g/ce-matin/,,lsf-1 calendrier
ce soir,,,,,,lsf-1 
centrale nucléaire,,,,https://signsuisse.sgb-fss.ch/fr/lexikon/g/centrale-nucleaire/,,lsf-2 bâtiment
cercle,,,,,,lsf-1 mathématique
cerise,,,,,,lsf-1 nature nourriture
certificat,,[sound:certificat.mp4],,https://signsuisse.sgb-fss.ch/fr/lexikon/g/certificat/,,lsf-2 
chacun son tour,,,,,,lsf-1 formule
chair de poule,,,(main active qui remonte le long du bras avec tous les doigts ouverts vers le haut),,,lsf-1 expression
chalet,,,maison + montagne,,,lsf-2 
chameau,,,,https://signsuisse.sgb-fss.ch/fr/lexikon/g/chameau/,,lsf-1 animal
changer,,,,https://signsuisse.sgb-fss.ch/fr/lexikon/g/changer/,,lsf-1 verbe
chanter,,,,https://signsuisse.sgb-fss.ch/fr/lexikon/g/chanter/,,lsf-1 verbe
chapiteau,,,,https://signsuisse.sgb-fss.ch/fr/lexikon/g/chapiteau/,,lsf-2 bâtiment
Chaplin,,,,,,lsf-2 personnalité
chasseur,,,,,,lsf-1 
chat,,[sound:chat.mp4],,https://signsuisse.sgb-fss.ch/fr/lexikon/g/chat/,,lsf-1 animal
chaud,,,,,,lsf-1 adjectif
chaussette,,,,,,lsf-2 
chaussettes,,,,,,lsf-2 
chaussure,,,,,,lsf-1 habit
chauve,,,,,,lsf-2 adjectif
chauve-souris,,[sound:chauve-souris.mp4],(en cours: un peu différent de la variante FR),https://signsuisse.sgb-fss.ch/fr/lexikon/g/chauve-souris/,,lsf-2 animal
chef (hiérarchie),"Personne qui dirige, qui commande.",,,https://signsuisse.sgb-fss.ch/fr/lexikon/g/chef/,,lsf-2 profession
cheminée (toit),,,,https://signsuisse.sgb-fss.ch/fr/lexikon/g/cheminee-2/,,lsf-2 bâtiment
cheminée (âtre),"Feu, âtre, foyer",,,https://signsuisse.sgb-fss.ch/fr/lexikon/g/cheminee-1/,,lsf-1 bâtiment
chenille,,,,,,lsf-1 animal
cher,,,,,,lsf-2 
chercher,,,,https://signsuisse.sgb-fss.ch/fr/lexikon/g/chercher/,,lsf-1 verbe
cheval,,,,,,lsf-1 animal
cheveux,,,,,,lsf-1 
chez,,,,,,lsf-1 préposition
chien,,[sound:chien.mp4],,https://signsuisse.sgb-fss.ch/fr/lexikon/g/chien/,,lsf-1 animal
chiffre,,,,,,lsf-2 
Chili,,,,,,lsf-1 lieu pays
Chine,,,,,,lsf-1 lieu pays
chips,,,,,,lsf-2 nourriture
chocolat,,,,https://signsuisse.sgb-fss.ch/fr/lexikon/g/chocolat/,,lsf-1 nourriture
choisir,,,,https://signsuisse.sgb-fss.ch/fr/lexikon/g/choisir-1/,,lsf-1 verbe
cholesterol,,,,,,lsf-2 
chose,,,,,,lsf-1 
chou,,,,,,lsf-1 nature nourriture
chou blanc,,,,,,lsf-2 
chou chinois,,,,,,lsf-2 
chou frisé,,,,,,lsf-2 
chou rouge,,,,,,lsf-2 
chou-fleur,,,chou + fleur,,,lsf-2 
chouette,,,,https://signsuisse.sgb-fss.ch/fr/lexikon/g/chouette/,,lsf-2 animal
chèvre,,,,https://signsuisse.sgb-fss.ch/fr/lexikon/g/chevre/,,lsf-1 animal
cinéma,,,,,,lsf-1 lieu
citrouille,,,,,,lsf-1 nourriture
clair,,,,,,lsf-1 adjectif
Clair-Bois,,,clair + bois,,,lsf-2 lieu
clin d'œil,,,,https://signsuisse.sgb-fss.ch/fr/lexikon/g/clin-doeil/,,lsf-1 formule
clown,,,,https://signsuisse.sgb-fss.ch/fr/lexikon/g/clown-1/,,lsf-2 profession
clémentine,,,,,,lsf-1 nature nourriture
coccinelle,,,,https://signsuisse.sgb-fss.ch/fr/lexikon/g/coccinelle/,,lsf-1 animal
cochon,,,,,,lsf-1 animal
combattre,,,,,https://dico.elix-lsf.fr/dictionnaire/combattre,lsf-2 verbe
commander,,,,https://signsuisse.sgb-fss.ch/fr/lexikon/g/commander/,,lsf-1 verbe
comme,,,,https://signsuisse.sgb-fss.ch/fr/lexikon/g/comme/,,lsf-1 
commencer,,,,https://signsuisse.sgb-fss.ch/fr/lexikon/g/commencer/,,lsf-1 verbe
comment,De quelle manière?,,,https://signsuisse.sgb-fss.ch/fr/lexikon/g/comment/,,lsf-1 adverbe
communiquer,,,,https://signsuisse.sgb-fss.ch/fr/lexikon/g/communiquer/,,lsf-2 verbe
complet,,,,,,lsf-2 
compliqué,,,,https://signsuisse.sgb-fss.ch/fr/lexikon/g/complique/,,lsf-1 adjectif
comprendre,,,,https://signsuisse.sgb-fss.ch/fr/lexikon/g/comprendre/,,lsf-1 verbe verbe-aff-nég
comédien - comedienne,,,,https://signsuisse.sgb-fss.ch/fr/lexikon/g/comedien-comedienne/,,lsf-1 profession
concept,,,,,,lsf-2 
concurrence,"Compétition, rivalité d'intérêts.",,,https://signsuisse.sgb-fss.ch/fr/lexikon/g/concurrence/,,lsf-2 activité
confiance,,,,,,lsf-2 
confiture,,,,,,lsf-2 nourriture
congé,,,,,,lsf-1 
conjugaison,,,,https://signsuisse.sgb-fss.ch/fr/lexikon/g/conjugaison/,,lsf-1 langue
connaître,,,,https://signsuisse.sgb-fss.ch/fr/lexikon/g/connaitre/,,lsf-1 verbe verbe-aff-nég
conseiller,,,,https://signsuisse.sgb-fss.ch/fr/lexikon/g/conseiller-1/,,lsf-2 verbe
construire,,,,https://signsuisse.sgb-fss.ch/fr/lexikon/g/construire/,,lsf-1 verbe
contact,État de corps qui se touchent.,,,,https://dico.elix-lsf.fr/dictionnaire/contact/n.m.-147611,lsf-2 
conte,,,,,,lsf-1 activité
contexte,,,,,,lsf-1 langue
continuer,,,,https://signsuisse.sgb-fss.ch/fr/lexikon/g/continuer/,,lsf-1 verbe
contrôler,,,,,,lsf-2 
convaincre,,[sound:convaincre.mp4],,https://signsuisse.sgb-fss.ch/fr/lexikon/g/convaincre/,,lsf-2 verbe verbe-dir
cool,,,,,,lsf-2 adjectif
COOP,Magasin,[sound:COOP.mp4],,,,lsf-2 lieu
copain - copine,,,,,,lsf-1 
coq,,,,,,lsf-1 animal
Coronavirus,,[sound:Coronavirus.mp4],,,,lsf-2 médecine
cortège,,,,,,lsf-2 
"couler (fuir, goutter)",,,,https://signsuisse.sgb-fss.ch/fr/lexikon/g/couler-2/,,lsf-2 verbe
couler (s'enfoncer),,,,https://signsuisse.sgb-fss.ch/fr/lexikon/g/couler-1/,,lsf-2 verbe
couleur,,,,https://signsuisse.sgb-fss.ch/fr/lexikon/g/couleur/,,lsf-1 
coupable,,,,,,lsf-1 adjectif
couper,,,,https://signsuisse.sgb-fss.ch/fr/lexikon/g/couper/,,lsf-2 verbe
courage,,[sound:courage.mp4],,https://signsuisse.sgb-fss.ch/fr/lexikon/g/courage/,,lsf-2 sentiment
courbatures,Avoir de courbatures après avoir fait de l'exercice.,,,,,lsf-2 
courge,,,,,,lsf-1 nature nourriture
courgette,,,,,,lsf-2 nourriture
courir,,,,https://signsuisse.sgb-fss.ch/fr/lexikon/g/courir/,,lsf-1 verbe
cours,,,,https://signsuisse.sgb-fss.ch/fr/lexikon/g/cours/,,lsf-1 
course à pied,,,,,,lsf-1 activité
court,,,,,,lsf-1 adjectif
court-circuit,,,,,,lsf-1 
couscous,,,,https://signsuisse.sgb-fss.ch/fr/lexikon/g/couscous/,,lsf-1 nourriture
cousin-e,,,,https://signsuisse.sgb-fss.ch/fr/lexikon/g/cousin/,,lsf-1 famille
couteau,,,,,,lsf-1 outil
couvert,En parlant de la météo.,,,,,lsf-1 
crabe,,,,,,lsf-1 animal
crayon,,,,,,lsf-1 outil
crevette,,,,,,lsf-2 
crier,,,,https://signsuisse.sgb-fss.ch/fr/lexikon/g/crier/,,lsf-1 verbe
critiquer,,,,https://signsuisse.sgb-fss.ch/fr/lexikon/g/critiquer/,,lsf-1 verbe verbe-dir
Croatie,,,,https://signsuisse.sgb-fss.ch/fr/lexikon/g/croatie/,,lsf-1 lieu pays
crocodile,,,,,,lsf-1 animal
croire,,,,https://signsuisse.sgb-fss.ch/fr/lexikon/g/croire/,,lsf-1 verbe
croissant,,,,,,lsf-2 nourriture
croix,,,,,,lsf-2 
crèche,,,,https://signsuisse.sgb-fss.ch/fr/lexikon/g/creche/,,lsf-1 lieu service
crème,,,,,,lsf-1 nourriture
cuillère,,,,,,lsf-2 outil
cuir,,,,,,lsf-2 
cuire,,,"(en cours nous avons plus bougé les doigts, comme pour « Feu »)",https://signsuisse.sgb-fss.ch/fr/lexikon/g/cuire/,,lsf-2 verbe
cuisinier - cuisinière,,,,https://signsuisse.sgb-fss.ch/fr/lexikon/g/cuisinier-cuisiniere/,,lsf-2 profession
cuisinnier - cuisinnière,,,,,,lsf-2 profession
culture,,,,https://signsuisse.sgb-fss.ch/fr/lexikon/g/culture/,,lsf-1 
curieux - curieuse,,,,,,lsf-1 adjectif
cygne,,,,https://signsuisse.sgb-fss.ch/fr/lexikon/g/cygne/,,lsf-1 animal
cœur,,,,,,lsf-1 
dactylologie,,,,,,lsf-1 communication
danger,,,,,,lsf-2 
danser,,,,https://signsuisse.sgb-fss.ch/fr/lexikon/g/danser/,,lsf-1 verbe
dauphin,,,,,,lsf-2 animal
de rien,,,,,,lsf-1 formule
degré,,,,,,lsf-1 
dehors,,,,https://signsuisse.sgb-fss.ch/fr/lexikon/g/dehors-1/,,lsf-1 adverbe
demain,,,,https://signsuisse.sgb-fss.ch/fr/lexikon/g/demain/,,lsf-1 calendrier
demander,,,,https://signsuisse.sgb-fss.ch/fr/lexikon/g/demander/,,lsf-1 verbe verbe-dir
demi-frère,,,,,,lsf-1 famille
demi-sœur,,,,,,lsf-1 famille
dent,,,,,,lsf-1 
depuis,,,,,,lsf-1 
dernier,,,,,,lsf-2 
dessert,,,,,,lsf-2 nourriture
dessiner,,,,,,lsf-1 verbe
devenir,,,,,,lsf-1 verbe
devoirs,,,,,,lsf-1 
diabètes,,,,,,lsf-2 
difficile,,,,,,lsf-1 adjectif
dimanche,,,,,,lsf-1 calendrier
dinde,,,,,,lsf-1 animal
dinosaure,,,,,,lsf-1 animal
dire,,,,,,lsf-1 verbe verbe-dir
distance,,[sound:distance.mp4],,,,lsf-2 
Donald Trump,Président des États-Unis d'Amérique,[sound:Donald Trump.mp4],,https://signsuisse.sgb-fss.ch/fr/lexikon/g/trump-donald/,,lsf-2 personnalité
donner,,,,,,lsf-1 verbe verbe-dir
dos - verso,,,,,,lsf-1 
douane,,[sound:douane.mp4],,https://signsuisse.sgb-fss.ch/fr/lexikon/g/douane/,,lsf-2 
doucement - lentement,,,,,,lsf-1 adverbe
drôle,,,,,,lsf-1 adjectif
dur,,,,,,lsf-1 adjectif
DVD,,,,https://signsuisse.sgb-fss.ch/fr/lexikon/g/dvd-2/,,lsf-2 communication technologie
début,Par exemple «le début de la course».,,,https://signsuisse.sgb-fss.ch/fr/lexikon/g/debut/,,lsf-1 
débutant-e,,,,,,lsf-1 adjectif
décembre,,,,https://signsuisse.sgb-fss.ch/fr/lexikon/g/decembre/,,lsf-1 calendrier
déchirer,,,,https://signsuisse.sgb-fss.ch/fr/lexikon/g/dechirer/,,lsf-2 verbe verbe-loc
décider,,[sound:décider.mp4],,https://signsuisse.sgb-fss.ch/fr/lexikon/g/decider/,,lsf-2 verbe
décor,,,,,,lsf-1 
décorer,,,,https://signsuisse.sgb-fss.ch/fr/lexikon/g/decorer/,,lsf-2 verbe
définition,,,,https://signsuisse.sgb-fss.ch/fr/lexikon/g/definition-1/,,lsf-2 langue
déjà (fini),"Acte, passé. Auparavant.",,,https://signsuisse.sgb-fss.ch/fr/lexikon/g/deja-1/,,lsf-1 adverbe
déjà (surprise),"Là maintenant, temps, rapide.",,,https://signsuisse.sgb-fss.ch/fr/lexikon/g/deja-2/,,lsf-1 adverbe
délicieux - délicieuse,,,,https://signsuisse.sgb-fss.ch/fr/lexikon/g/delicieux/,,lsf-1 adjectif
départ,,,,,,lsf-2 
dépenser,,,,https://signsuisse.sgb-fss.ch/fr/lexikon/g/depenser/,,lsf-2 verbe
déprimer,,,,,,lsf-1 verbe
déprimé-e,,,,,,lsf-1 adjectif sentiment
désert,,,,,,lsf-2 
détail,,,,,,lsf-2 
déçu-e,,,,https://signsuisse.sgb-fss.ch/fr/lexikon/g/decu-decue/,,lsf-1 adjectif sentiment
Eaux-Vives,,,,,,lsf-2 lieu ville
Egypte,,,,,,lsf-1 lieu pays
email,,[sound:email.mp4],,https://signsuisse.sgb-fss.ch/fr/lexikon/g/e-mail-courriel/,,lsf-2 communication
embrasser,,,,https://signsuisse.sgb-fss.ch/fr/lexikon/g/embrasser/,,lsf-2 verbe verbe-loc
en face,,,,,,lsf-1 
en forme,,,,,,lsf-1 adjectif
en même temps,,,,,,lsf-2 formule
encore,,,,,,lsf-1 adverbe
enfant,,,,,,lsf-1 famille
enfin,,,,https://signsuisse.sgb-fss.ch/fr/lexikon/g/enfin/,,lsf-2 adverbe
enseigner,,,,,,lsf-1 verbe verbe-dir
ensemble,,,,,,lsf-1 adverbe
entendant,,,,,,lsf-1 adjectif
entendre,,,,https://signsuisse.sgb-fss.ch/fr/lexikon/g/entendre/,,lsf-1 verbe
entreprise,,,,,,lsf-2 
entrer,,,,https://signsuisse.sgb-fss.ch/fr/lexikon/g/entrer/,,lsf-1 verbe
envoyer (lettre),,,,https://signsuisse.sgb-fss.ch/fr/lexikon/g/envoyer-1/,,lsf-1 verbe verbe-dir
"envoyer (SMS, email)",,,,,,lsf-1 verbe verbe-dir
escargot,,,,,,lsf-1 animal
espion,,,,,,lsf-1 profession
essayer,,,,,,lsf-2 
essence,,,,,,lsf-1 
et cetera,,,,https://signsuisse.sgb-fss.ch/fr/lexikon/g/et-cetera-etc/,,lsf-1 adverbe
Europe,,,,,,lsf-1 
exagérer,,,,https://signsuisse.sgb-fss.ch/fr/lexikon/g/exagerer/,,lsf-1 verbe
exceptionnel,,,,,,lsf-2 adjectif
exemple,,,,,,lsf-1 
expliquer,,,,,,lsf-1 verbe verbe-dir
expression,,,(en cours nous avons fait des guillemets dans l'air),,https://dico.elix-lsf.fr/dictionnaire/expression,lsf-1 
fabriquer,,,,,,lsf-1 verbe
facile,,,,https://signsuisse.sgb-fss.ch/fr/lexikon/g/facile-1/,,lsf-1 adjectif
faible,,,,,,lsf-2 adjectif
faim,,,,https://signsuisse.sgb-fss.ch/fr/lexikon/g/faim/,,lsf-1 
faire,,,,,,lsf-1 verbe
faire attention,,,,,,lsf-1 verbe
famille,,,,,,lsf-1 
fatigué,,,,,,lsf-1 adjectif
faux (pas juste),Erroné.,,,https://signsuisse.sgb-fss.ch/fr/lexikon/g/faux-1/,,lsf-1 adjectif
faux (pas vrai),Copie.,,,https://signsuisse.sgb-fss.ch/fr/lexikon/g/faux-2/,,lsf-1 adjectif
femelle,,[sound:femelle.mp4],,https://signsuisse.sgb-fss.ch/fr/lexikon/g/femelle/,,lsf-2 adjectif animal
femme,,,,,,lsf-1 
fenêtre,,,,,,lsf-1 
ferme,,,,,,lsf-1 bâtiment lieu
fermer,,,,,,lsf-1 verbe
festival,,,,https://signsuisse.sgb-fss.ch/fr/lexikon/g/festival-2/,,lsf-1 activité
feuille,,,,,,lsf-1 nature
fier - fière,,,,https://signsuisse.sgb-fss.ch/fr/lexikon/g/fier-fiere-positif/,,lsf-1 adjectif sentiment
fier - fière (négatif),,,,https://signsuisse.sgb-fss.ch/fr/lexikon/g/fier-fiere-negatif/,,lsf-1 adjectif
fille,,,,,,lsf-1 famille
filleul,,,,,,lsf-1 famille
film,,,,,,lsf-1 
fils,,,,https://signsuisse.sgb-fss.ch/fr/lexikon/g/fils/,,lsf-1 famille
fin,"Terme, achèvement.",,,https://signsuisse.sgb-fss.ch/fr/lexikon/g/fin-1/,,lsf-2 
fièvre,,,,https://signsuisse.sgb-fss.ch/fr/lexikon/g/fievre/,,lsf-2 médecine
flamant rose,,,,,,lsf-2 animal
flan,,,,,,lsf-2 nourriture
fleur,,,,https://signsuisse.sgb-fss.ch/fr/lexikon/g/fleur/,,lsf-1 nature
flâner,,,,,,lsf-1 verbe
foie gras,,,,,,lsf-2 nourriture
fois,,,,https://signsuisse.sgb-fss.ch/fr/lexikon/g/fois/,,lsf-1 
folie,,,,,,lsf-2 
fondue,,,,,,lsf-2 nourriture
football - foot,,,,,,lsf-2 sport
formation,,,,,,lsf-2 activité
fort-e,,,,,,lsf-1 adjectif
forêt,,,,,,lsf-1 nature
fou - folle,,,,,,lsf-2 adjectif
foule,,,,,,lsf-1 
four,,,,,,lsf-2 outil
fourchette,,,,,,lsf-2 outil
fourmi,,,,,,lsf-2 animal
fraise,,,,https://signsuisse.sgb-fss.ch/fr/lexikon/g/fraise/,,lsf-1 nature nourriture
framboise,,,,https://signsuisse.sgb-fss.ch/fr/lexikon/g/framboise/,,lsf-1 fruit nature nourriture
France,,,,https://signsuisse.sgb-fss.ch/fr/lexikon/g/france/,,lsf-1 lieu pays
français,,,,https://signsuisse.sgb-fss.ch/fr/lexikon/g/francais/,,lsf-1 langue
Fribourg,,,,https://signsuisse.sgb-fss.ch/fr/lexikon/g/fribourg/,,lsf-1 canton lieu ville
frites,,,,https://signsuisse.sgb-fss.ch/fr/lexikon/g/frites/,,lsf-1 nourriture
"froid (objet, temps)",,,,https://signsuisse.sgb-fss.ch/fr/lexikon/g/froid-2/,,lsf-1 adjectif
fromage,,,,https://signsuisse.sgb-fss.ch/fr/lexikon/g/fromage/,,lsf-1 nourriture
fromagerie,,,magasin + fromage,,,lsf-2 lieu
fruit,,,,https://signsuisse.sgb-fss.ch/fr/lexikon/g/fruit/,,lsf-1 nature nourriture
frustrer,,[sound:frustrer.mp4],,https://signsuisse.sgb-fss.ch/fr/lexikon/g/frustrer/,,lsf-2 sentiment verbe
frère,,,,https://signsuisse.sgb-fss.ch/fr/lexikon/g/frere/,,lsf-1 famille
fumée,,,,https://signsuisse.sgb-fss.ch/fr/lexikon/g/fumee/,,lsf-2 
fusée,,,,https://signsuisse.sgb-fss.ch/fr/lexikon/g/fusee/,,lsf-2 transport
futur,,,,https://signsuisse.sgb-fss.ch/fr/lexikon/g/futur/,,lsf-1 calendrier
fâché-e,,,,,,lsf-1 adjectif sentiment
février,,,,https://signsuisse.sgb-fss.ch/fr/lexikon/g/fevrier/,,lsf-1 calendrier
fête,,,,https://signsuisse.sgb-fss.ch/fr/lexikon/g/fete/,,lsf-1 activité
gagner (vaincre),,,,https://signsuisse.sgb-fss.ch/fr/lexikon/g/gagner-1/,,lsf-1 verbe
Galette des Rois,,,,https://signsuisse.sgb-fss.ch/fr/lexikon/g/couronne-des-rois-gateau-des-rois/,,lsf-1 nourriture
gare,,,,https://signsuisse.sgb-fss.ch/fr/lexikon/g/gare/,,lsf-2 lieu
garer,,,,https://signsuisse.sgb-fss.ch/fr/lexikon/g/garer/,,lsf-1 verbe
garçon,,,,https://signsuisse.sgb-fss.ch/fr/lexikon/g/garcon/,,lsf-1 
geler,,,,https://signsuisse.sgb-fss.ch/fr/lexikon/g/geler/,,lsf-1 verbe
gentil - gentille,,,,,,lsf-1 adjectif
Genève,,,,,,lsf-1 canton lieu
gilet,,,,,,lsf-1 habit
girafe,,,,,,lsf-1 animal
Glaris,,,,,,lsf-2 canton lieu
glisser,,,,https://signsuisse.sgb-fss.ch/fr/lexikon/g/glisser/,,lsf-2 verbe
grammaire,,,,,,lsf-1 
grand-e,,,,,,lsf-1 adjectif
grand-maman,,,,,,lsf-1 famille
grand-papa,,,,,,lsf-1 famille
grand-parent,,,,,,lsf-1 famille
gratuit,,,,,,lsf-2 adjectif
grave,"""(comme dans """"pas grave"""")""",,,,,lsf-2 
grenouille,,,,,,lsf-2 animal
griffer,,,,https://signsuisse.sgb-fss.ch/fr/lexikon/g/griffer/,,lsf-2 verbe verbe-loc
grincheux - grincheuse,,,,https://signsuisse.sgb-fss.ch/fr/lexikon/g/grincheux-grincheuse/,,lsf-1 adjectif
grippe,,,,https://signsuisse.sgb-fss.ch/fr/lexikon/g/grippe/,,lsf-1 médecine
gris,,,,,,lsf-1 couleur
Grisons,,,,,,lsf-2 canton lieu
gros - grosse,,,,,,lsf-1 adjectif
groupe,,,,,,lsf-2 
Grèce,,,,,,lsf-2 
grève,,,,,,lsf-1 
guerre,,[sound:guerre.mp4],(différent en cours),https://signsuisse.sgb-fss.ch/fr/lexikon/g/guerre/,,lsf-2 
guirlande,,,,,,lsf-2 
guêpe,,,,,,lsf-1 animal
gâteau,,,,https://signsuisse.sgb-fss.ch/fr/lexikon/g/gateau/,,lsf-1 nourriture
génial-e,,,,,,lsf-2 
généralement,(en général),,,,,lsf-2 
généreux - généreuse,,,,,,lsf-1 adjectif
Géométrie,,,,,,lsf-1 mathématique
H&M,,,,,,lsf-2 lieu
habiter,,,,https://signsuisse.sgb-fss.ch/fr/lexikon/g/habiter/,,lsf-1 verbe
habitude,,,,,,lsf-1 
Halloween,,,,,,lsf-1 activité
hamburger,,,,,,lsf-2 nourriture
handicap,,,,https://signsuisse.sgb-fss.ch/fr/lexikon/g/handicape/,,lsf-2 médecine
Haute-Savoie,,,,https://signsuisse.sgb-fss.ch/fr/lexikon/g/haute-savoie/,,lsf-1 département lieu
herbe,,,,,,lsf-1 nature
heureux - heureuse,,,,https://signsuisse.sgb-fss.ch/fr/lexikon/g/heureux/,,lsf-1 adjectif
hibou,,,,https://signsuisse.sgb-fss.ch/fr/lexikon/g/hibou/,,lsf-2 animal
hier,,,,,,lsf-1 
hippopotame,,[sound:hippopotame.mp4],,,,lsf-1 animal
histoire,,,,,,lsf-1 
Hitler,,,,,,lsf-2 personnalité
hiver,,,,,,lsf-1 
homme,,,,,,lsf-1 
homonyme,,,s'epeler + pareil + sens + différent,,,lsf-1 langue
homosigne,,,se signe + pareil + sens + différent,,,lsf-1 langue
Hongrie,,,,https://signsuisse.sgb-fss.ch/fr/lexikon/g/hongrie/,,lsf-1 lieu pays
honte,,,,,,lsf-1 
horloge,,,,https://signsuisse.sgb-fss.ch/fr/lexikon/g/horloge/,,lsf-1 outil
Horloge Fleuri,,,montre + fleur,,,lsf-2 lieu
hot dog,,,,,,lsf-2 nourriture
huile,,,,,,lsf-2 nourriture
humide,,,,,,lsf-1 adjectif
hypocrite,,,,,,lsf-2 adjectif
hélicoptère,,,,,,lsf-2 transport
hérisson,,,,,,lsf-1 animal
hôpital,,,,,,lsf-1 lieu
ici,,,,,,lsf-1 adverbe
IKEA,Magasin,[sound:IKEA.mp4],,,,lsf-2 lieu
il fait beau,(beau temps),,,https://signsuisse.sgb-fss.ch/fr/lexikon/g/beau-temps/,,lsf-1 formule
il y'a,,,avoir (sans pronom),,,lsf-2 
imaginaire,,,,,https://dico.elix-lsf.fr/dictionnaire/imaginaire/adj.-175020,lsf-2 
imaginer,,,,https://signsuisse.sgb-fss.ch/fr/lexikon/g/imaginer/,,lsf-2 verbe
implant cochléaire,,,,https://signsuisse.sgb-fss.ch/fr/lexikon/g/implant-cochleaire/,,lsf-1 outil
impoli-e,Pas poli.,,,https://signsuisse.sgb-fss.ch/fr/lexikon/g/impoli-pas-poli/,,lsf-2 adjectif
important,,,,https://signsuisse.sgb-fss.ch/fr/lexikon/g/important/,,lsf-1 adjectif
inauguration,,,,,,lsf-2 
incapable,,,,https://signsuisse.sgb-fss.ch/fr/lexikon/g/incapable/,,lsf-2 
inconvénient,Désavantage,,ne pas aimer (plusieurs fois en petit),,,lsf-2 
incroyable,,,,https://signsuisse.sgb-fss.ch/fr/lexikon/g/incroyable/,,lsf-1 adjectif
Inde,,,,https://signsuisse.sgb-fss.ch/fr/lexikon/g/inde/,,lsf-1 lieu pays
infirmier - infirmière,,,,https://signsuisse.sgb-fss.ch/fr/lexikon/g/infirmier-infirmiere/,,lsf-1 profession
informer,,,,https://signsuisse.sgb-fss.ch/fr/lexikon/g/informer/,,lsf-1 verbe verbe-dir
Internet,,,,https://signsuisse.sgb-fss.ch/fr/lexikon/g/internet-1/,,lsf-1 technologie
interprète,,,,https://signsuisse.sgb-fss.ch/fr/lexikon/g/interprete/,,lsf-2 profession
intégration,,[sound:intégration.mp4],,https://signsuisse.sgb-fss.ch/fr/lexikon/g/integration/,,lsf-2 
intéressant-e,,,,https://signsuisse.sgb-fss.ch/fr/lexikon/g/interessant-interessante/,,lsf-1 adjectif
intéresser,,,,https://signsuisse.sgb-fss.ch/fr/lexikon/g/interesser/,,lsf-2 verbe
intérieur,,,,,,lsf-2 
inventer,,[sound:inventer.mp4],,https://signsuisse.sgb-fss.ch/fr/lexikon/g/inventer/,,lsf-2 verbe
inviter,,,,https://signsuisse.sgb-fss.ch/fr/lexikon/g/inviter/,,lsf-1 verbe verbe-dir
iPhone,,,,https://signsuisse.sgb-fss.ch/fr/lexikon/g/iphone-1/,,lsf-1 technologie
Irlande,,,,https://signsuisse.sgb-fss.ch/fr/lexikon/g/irlande/,,lsf-2 lieu pays
islam,,,,https://signsuisse.sgb-fss.ch/fr/lexikon/g/islam-1/,,lsf-2 religion
Italie,,,,,,lsf-1 lieu pays
italien,Langue parée en Italie.,,,https://signsuisse.sgb-fss.ch/fr/lexikon/g/italien-1/,,lsf-1 langue
jalousie,,,,,,lsf-1 
jamais,,,,,,lsf-1 adverbe
jambon,,,,,,lsf-2 nourriture
janvier,,,,https://signsuisse.sgb-fss.ch/fr/lexikon/g/janvier/,,lsf-1 calendrier
jardin,,,,,,lsf-1 nature
jaune,,,,,,lsf-1 couleur
jeudi,,,,,,lsf-1 calendrier
jeune,,,,https://signsuisse.sgb-fss.ch/fr/lexikon/g/jeune/,,lsf-1 adjectif
joie,,,,https://signsuisse.sgb-fss.ch/fr/lexikon/g/joie/,,lsf-2 
Joseph,,,,,,lsf-1 
jouer,,,,,,lsf-1 verbe
jour,,,,,,lsf-1 
journal,,,,,,lsf-1 
journée,,,,https://signsuisse.sgb-fss.ch/fr/lexikon/g/journee/,,lsf-1 
juger,,,,,,lsf-1 verbe
juillet,,,,https://signsuisse.sgb-fss.ch/fr/lexikon/g/juillet/,,lsf-1 calendrier
juin,,,,https://signsuisse.sgb-fss.ch/fr/lexikon/g/juin/,,lsf-1 calendrier
Jumbo,,,,,,lsf-2 lieu
jumeau - jumelle,,,,,,lsf-1 famille
Jura,,,,,,lsf-2 canton lieu
jusqu'à,,,,,,lsf-2 
juste,,,,,,lsf-1 adjectif
Jésus,,,,,,lsf-1 
kangourou,,,,,,lsf-2 animal
ketchup,,,,,,lsf-2 nourriture
kilogramme,,,,,,lsf-2 
Kilomètre,,,,https://signsuisse.sgb-fss.ch/fr/lexikon/g/kilometre/,,lsf-2 
koala,,,,,,lsf-2 animal
L'Escalade,Fête de l'Escalade.,,,https://signsuisse.sgb-fss.ch/fr/lexikon/g/fete-de-lescalade/,,lsf-1 activité
La Poste,,,,,,lsf-1 service
lac,,,,https://signsuisse.sgb-fss.ch/fr/lexikon/g/lac/,,lsf-1 nature
lait,,,,,,lsf-2 nourriture
lama,,,,,,lsf-1 animal
Lancy,,,L —> Y (du haut vers le bas),,,lsf-2 lieu ville
langue,Ensemble de signes oraux et écrits qui permettent à un groupe de communiquer.,[sound:langue.mp4],,https://signsuisse.sgb-fss.ch/fr/lexikon/g/langue-1/,,lsf-2 communication
lapin,,,,,,lsf-1 animal
le reste,Ce qui reste d'un tout.,,,https://signsuisse.sgb-fss.ch/fr/lexikon/g/le-reste/,,lsf-2 adverbe
Les Césars,Récompense cinématographique française.,,,https://signsuisse.sgb-fss.ch/fr/lexikon/g/cesar/,,lsf-2 activité événement
Les Oscars,Récompense cinématographique décernée tous les ans à Hollywood.,,,https://signsuisse.sgb-fss.ch/fr/lexikon/g/oscar-2/,,lsf-2 activité événement
lettre (caractère),,,,,,lsf-1 langue
lettre (correspondance),,,,,,lsf-1 communication
libre,,,,https://signsuisse.sgb-fss.ch/fr/lexikon/g/libre/,,lsf-2 adjectif
ligament,,[sound:ligament.mp4],,,https://dico.elix-lsf.fr/dictionnaire/ligament/n.m.-183477,lsf-2 médecine
lion,,,,https://signsuisse.sgb-fss.ch/fr/lexikon/g/lion/,,lsf-1 animal
litre,,,,,,lsf-2 
lièvre,,,,https://signsuisse.sgb-fss.ch/fr/lexikon/g/lievre/,,lsf-2 animal
locataire,,,,,,lsf-1 
loin,,,,https://signsuisse.sgb-fss.ch/fr/lexikon/g/loin-1/,,lsf-2 adverbe
loisir,,,,https://signsuisse.sgb-fss.ch/fr/lexikon/g/loisirs/,,lsf-1 
long,,,,,,lsf-1 adjectif
loup,,[sound:loup.mp4],,,,lsf-1 animal
lourd-e,,,,,,lsf-1 adjectif
LPC,Langage Parlé Complété,,,https://signsuisse.sgb-fss.ch/fr/lexikon/g/lpc/,,lsf-1 langue
LSF,,,,https://signsuisse.sgb-fss.ch/fr/lexikon/g/lsf/,,lsf-1 langue
Lucerne,,,,https://signsuisse.sgb-fss.ch/fr/lexikon/g/lucerne-1/,,lsf-2 canton lieu ville
luge,,,,https://signsuisse.sgb-fss.ch/fr/lexikon/g/luge/,,lsf-2 outil sport
lundi,,,,https://signsuisse.sgb-fss.ch/fr/lexikon/g/lundi/,,lsf-1 calendrier
lune,,,,https://signsuisse.sgb-fss.ch/fr/lexikon/g/lune/,,lsf-2 nature
lunettes,,,,https://signsuisse.sgb-fss.ch/fr/lexikon/g/lunettes/,,lsf-2 
lynx,,,,https://signsuisse.sgb-fss.ch/fr/lexikon/g/lynx/,,lsf-2 animal
Lyon,,,,https://signsuisse.sgb-fss.ch/fr/lexikon/g/lyon-1/,,lsf-2 lieu ville
lécher,,,,https://signsuisse.sgb-fss.ch/fr/lexikon/g/lecher/,,lsf-2 verbe verbe-loc
léger - légère,,,,https://signsuisse.sgb-fss.ch/fr/lexikon/g/leger/,,lsf-1 adjectif
légume,,,,,,lsf-1 nature
lézard,,,,,,lsf-1 animal
machine,Appareil à moteur ou éléctrique.,,,https://signsuisse.sgb-fss.ch/fr/lexikon/g/machine/,,lsf-2 outil
magasin,,[sound:magasin.mp4],,https://signsuisse.sgb-fss.ch/fr/lexikon/g/magasin/,,lsf-2 lieu
magicien - magicienne,,,,https://signsuisse.sgb-fss.ch/fr/lexikon/g/magicien/,,lsf-2 profession
mai,,,,https://signsuisse.sgb-fss.ch/fr/lexikon/g/mai-1/,,lsf-1 calendrier
maigre,,,,https://signsuisse.sgb-fss.ch/fr/lexikon/g/maigre/,,lsf-1 adjectif
mais,,,,https://signsuisse.sgb-fss.ch/fr/lexikon/g/mais-1/,,lsf-1 préposition
maison,,,,https://signsuisse.sgb-fss.ch/fr/lexikon/g/maison/,,lsf-1 bâtiment
malade,,,,https://signsuisse.sgb-fss.ch/fr/lexikon/g/malade/,,lsf-1 adjectif médecine
malentendant,,,,https://signsuisse.sgb-fss.ch/fr/lexikon/g/malentendant/,,lsf-1 adjectif médecine
malin,,,,https://signsuisse.sgb-fss.ch/fr/lexikon/g/malin/,,lsf-1 adjectif
maman,,,,,,lsf-1 famille
manchot,,,,,,lsf-2 animal
mandarine,,,,https://signsuisse.sgb-fss.ch/fr/lexikon/g/mandarine-1/,,lsf-1 nature nourriture
mangue,,,,,,lsf-1 fruit nature nourriture
manifestation,,,,https://signsuisse.sgb-fss.ch/fr/lexikon/g/manifestation/,,lsf-1 activité
Manor,,[sound:Manor.mp4],,,,lsf-2 
manquer,,[sound:manquer.mp4],,https://signsuisse.sgb-fss.ch/fr/lexikon/g/manquer/,,lsf-2 verbe
marcher,,,,,,lsf-1 verbe
mardi,,,,,,lsf-1 calendrier
mariage,,,,,,lsf-2 
Marie,,,,,,lsf-1 
Maroc,,,,https://signsuisse.sgb-fss.ch/fr/lexikon/g/maroc/,,lsf-1 lieu pays
marraine,,,,https://signsuisse.sgb-fss.ch/fr/lexikon/g/marraine/,,lsf-1 famille
marron,,,,,,lsf-2 nature nourriture
mars,,,,https://signsuisse.sgb-fss.ch/fr/lexikon/g/mars-1/,,lsf-1 calendrier
match,Comme dans match de foot,,,,,lsf-1 activité
Mathématique,,,,,,lsf-1 mathématique
matin,,,,https://signsuisse.sgb-fss.ch/fr/lexikon/g/matin/,,lsf-1 calendrier
mauvais,,,,,,lsf-1 adjectif
maître - maîtresse,D'école.,,,https://signsuisse.sgb-fss.ch/fr/lexikon/g/maitresse/,,lsf-2 profession
mentir,,,,,,lsf-1 verbe
menu,,,,,,lsf-1 
mer,,,,,,lsf-1 
merci,,,,https://signsuisse.sgb-fss.ch/fr/lexikon/g/merci/,,lsf-1 
merci beaucoup,,,,,,lsf-1 formule
mercredi,,,,,,lsf-1 calendrier
messe,,,,,,lsf-2 
metteur en scène,,,,,,lsf-1 profession
Mexique,,,,,,lsf-2 lieu pays
miel,,,,,,lsf-1 nature nourriture
mieux,,,,,,lsf-1 adverbe
mignon-e,,,,,,lsf-1 adjectif
Migros,,[sound:Migros.mp4],,,,lsf-2 lieu
Milan,,[sound:Milan.mp4],,https://signsuisse.sgb-fss.ch/fr/lexikon/g/milan/,,lsf-2 lieu ville
millard,,,,,,lsf-1 chiffre mathématique
mimer,,,,,https://dico.elix-lsf.fr/dictionnaire/mimer/v.-189104,lsf-1 verbe
minuit,,,,,,lsf-1 
minute,,,,,,lsf-1 
miss,,,,,,lsf-1 
moche,,,,,,lsf-1 adjectif
moins,,,,https://signsuisse.sgb-fss.ch/fr/lexikon/g/moins/,,lsf-1 adverbe
mois,,,,,,lsf-1 calendrier
monnaie,,,,https://signsuisse.sgb-fss.ch/fr/lexikon/g/monnaie/,,lsf-1 outil
Mont Blanc,,,montagne + blanc,https://signsuisse.sgb-fss.ch/fr/lexikon/g/mont-blanc/,,lsf-1 lieu
montagne,,,,https://signsuisse.sgb-fss.ch/fr/lexikon/g/montagne/,,lsf-1 nature
montre,,,,https://signsuisse.sgb-fss.ch/fr/lexikon/g/montre/,,lsf-1 habit
montrer,,,,https://signsuisse.sgb-fss.ch/fr/lexikon/g/montrer/,,lsf-1 verbe verbe-dir
mordre,,,,https://signsuisse.sgb-fss.ch/fr/lexikon/g/mordre-2/,,lsf-2 verbe verbe-loc
mort,,,,,,lsf-1 adjectif
mot,,,,,,lsf-1 langue
motivé-e,,,,,,lsf-1 adjectif sentiment
mou-e,,,,https://signsuisse.sgb-fss.ch/fr/lexikon/g/mou/,,lsf-1 adjectif
mouche,,,,https://signsuisse.sgb-fss.ch/fr/lexikon/g/mouche/,,lsf-1 animal
mouillé,,,,,,lsf-1 adjectif
moustique,,,,,,lsf-1 animal
moutarde,,,,,,lsf-2 nourriture
mouton,,,,,,lsf-1 animal
muet,,,,https://signsuisse.sgb-fss.ch/fr/lexikon/g/muet/,,lsf-2 adjectif
mur,,,,,,lsf-1 bâtiment
muscle,,,,https://signsuisse.sgb-fss.ch/fr/lexikon/g/muscle/,,lsf-2 médecine
musique,,,,https://signsuisse.sgb-fss.ch/fr/lexikon/g/musique/,,lsf-1 activité
musée,,,,,,lsf-2 bâtiment lieu
myrtille,,,,https://signsuisse.sgb-fss.ch/fr/lexikon/g/myrtille/,,lsf-2 fruit nourriture
myrtilles,,,,,,lsf-1 nature nourriture
mâle,,[sound:mâle.mp4],,https://signsuisse.sgb-fss.ch/fr/lexikon/g/male-2/,,lsf-2 adjectif animal
Mère Royaume,,,(madame ou mère) + roi,,,lsf-2 
mètre,,,,https://signsuisse.sgb-fss.ch/fr/lexikon/g/metre/,,lsf-2 
méchant-e,,,,https://signsuisse.sgb-fss.ch/fr/lexikon/g/mechant/,,lsf-1 adjectif
médecin-e,,[sound:médecin-e.mp4],,https://signsuisse.sgb-fss.ch/fr/lexikon/g/medecin/,,lsf-1 profession
méduse,,,,https://signsuisse.sgb-fss.ch/fr/lexikon/g/meduse/,,lsf-2 animal
méthode,,[sound:méthode.mp4],,https://signsuisse.sgb-fss.ch/fr/lexikon/g/methode/,,lsf-2 
métier,,,,,,lsf-2 
météo,,,,,,lsf-1 
mûre,,,,,,lsf-1 fruit nature nourriture
n'importe quoi,,,,https://signsuisse.sgb-fss.ch/fr/lexikon/g/nimporte-quoi/,,lsf-1 formule
nager,,,,https://signsuisse.sgb-fss.ch/fr/lexikon/g/nager/,,lsf-1 verbe
naturel,,,,,,lsf-2 adjectif
nazi,,,,,,lsf-2 
naître,,,,,,lsf-1 verbe
ne pas aimer,,,,,,lsf-1 verbe verbe-aff-nég
ne pas avoir,,,,,,lsf-1 verbe verbe-aff-nég
ne pas avoir besoin,,,,https://signsuisse.sgb-fss.ch/fr/lexikon/g/ne-pas-avoir-besoin/,,lsf-1 verbe verbe-aff-nég
ne pas avoir envie,,,,,,lsf-1 verbe verbe-aff-nég
ne pas comprendre,,,,,,lsf-1 verbe verbe-aff-nég
ne pas connaître,,,,https://signsuisse.sgb-fss.ch/fr/lexikon/g/ne-pas-connaitre/,,lsf-1 verbe verbe-aff-nég
ne pas pouvoir,,,,,,lsf-1 verbe verbe-aff-nég
ne pas savoir,,,,https://signsuisse.sgb-fss.ch/fr/lexikon/g/ne-pas-savoir/,,lsf-1 verbe verbe-aff-nég
ne pas vouloir,,,,,,lsf-1 verbe verbe-aff-nég
ne pas être fini,,,,,,lsf-1 verbe verbe-aff-nég
ne pas être là,,,,,,lsf-1 verbe verbe-aff-nég
neige,,,,,,lsf-2 nature
neiger,,,,https://signsuisse.sgb-fss.ch/fr/lexikon/g/neiger/,,lsf-2 verbe
nerveux - nerveuse,,,,,,lsf-1 adjectif
nettoyer,,,,https://signsuisse.sgb-fss.ch/fr/lexikon/g/nettoyer/,,lsf-2 verbe verbe-loc
Neuchâtel,,,,,,lsf-2 canton lieu
neveu,,,,,,lsf-1 famille
nid,,,,,,lsf-1 nature
nièce,,,,,,lsf-1 famille
noir,,,,,,lsf-1 couleur
nom,,,,,,lsf-1 langue
non,,,,,,lsf-1 
nonne - sœur,,,messe,,,lsf-2 
normal,,,,,,lsf-2 adjectif
Norvège,,,,,,lsf-1 lieu pays
nouveau - nouvelle,,,,,,lsf-2 adjectif
Nouvelle Zélande,,,,,,lsf-1 lieu pays
novembre,,,,https://signsuisse.sgb-fss.ch/fr/lexikon/g/novembre/,,lsf-1 calendrier
Noël,,,,,,lsf-1 activité événement
nuage,,,,,,lsf-1 nature
nuit,,,,,,lsf-1 nature
numéro,,,,https://signsuisse.sgb-fss.ch/fr/lexikon/g/numero/,,lsf-1 mathématique
obliger,,,,https://signsuisse.sgb-fss.ch/fr/lexikon/g/obliger/,,lsf-1 verbe
observer,,[sound:observer.mp4],,https://signsuisse.sgb-fss.ch/fr/lexikon/g/observer/,,lsf-2 verbe verbe-dir
obéir,,,,,,lsf-1 verbe
octobre,,,«O» en cercle devant la bouche,https://signsuisse.sgb-fss.ch/fr/lexikon/g/octobre/,,lsf-1 calendrier
oeil - yeux,,,,https://signsuisse.sgb-fss.ch/fr/lexikon/g/oeil/,,lsf-1 
office,,,,,,lsf-2 
offrir,,,,,,lsf-1 verbe verbe-dir
oignon,,,,,,lsf-2 
oiseau,,[sound:oiseau.mp4],,,,lsf-1 animal
on verra,,,,,,lsf-1 formule
oncle,,,,,,lsf-1 famille
opération,,,(ciseau sur le dos de la main),,,lsf-2 
opérer,,,"(en cours, aussi avec des ciseaux)",https://signsuisse.sgb-fss.ch/fr/lexikon/g/operer/,,lsf-2 verbe verbe-loc
orange (couleur),,,,https://signsuisse.sgb-fss.ch/fr/lexikon/g/orange-1-1/,,lsf-1 couleur
orange (fruit),,,,https://signsuisse.sgb-fss.ch/fr/lexikon/g/orange-2-1/,,lsf-1 nature nourriture
ordinateur,,,,,,lsf-1 technologie
ordinateur portable,,,,,,lsf-1 technologie
ordre,,,,,,lsf-1 
oreille,,,,,,lsf-1 
organiser,,,,,,lsf-1 verbe
original-e,,,,,,lsf-2 adjectif
origine,,,,https://signsuisse.sgb-fss.ch/fr/lexikon/g/origine/,,lsf-1 
ou bien,,,,,,lsf-1 
oublier,,,,,,lsf-1 verbe
ours,,,,,,lsf-1 animal
ourson,,,,,,lsf-1 animal
outil (instrument),,,,https://signsuisse.sgb-fss.ch/fr/lexikon/g/outil-2/,,lsf-2 
ouvrir,,,,,,lsf-1 verbe
où,,,,,,lsf-1 adverbe
paille - foin,,,,,,lsf-1 bâtiment
pain,,,,,,lsf-2 nourriture
panda,,,,,,lsf-2 animal
panier,,,,,,lsf-1 
panne,Tomber en panne.,,,https://signsuisse.sgb-fss.ch/fr/lexikon/g/panne/,,lsf-1 
panthère,,,,,,lsf-1 animal
paon,,,,,,lsf-2 animal
papa,,,,,,lsf-1 famille
papier,,,,,,lsf-1 outil
papillon,,,,,,lsf-1 animal
par,"""Par exemple, """"écrit par toi"""".""",,,,,lsf-2 
par - à cause - car,,,,https://signsuisse.sgb-fss.ch/fr/lexikon/g/par-a-cause-car/,,lsf-1 préposition
paranoïa,,[sound:paranoïa.mp4],,,,lsf-2 médecine
parapluie,,,,,https://dico.elix-lsf.fr/dictionnaire/parapluie/n.m.-196437,lsf-1 
parc,,,,https://signsuisse.sgb-fss.ch/fr/lexikon/g/parc/,,lsf-1 lieu
parce que,,,,https://signsuisse.sgb-fss.ch/fr/lexikon/g/parce-que/,,lsf-1 
pardon,,,,,,lsf-1 formule
parent,,,,,,lsf-1 famille
paresseux - paresseuse,Fainéant-e,,,https://signsuisse.sgb-fss.ch/fr/lexikon/g/paresseux-faineant/,,lsf-1 adjectif
parfait-e,,[sound:parfait-e.mp4],,https://signsuisse.sgb-fss.ch/fr/lexikon/g/parfait/,,lsf-1 adjectif
Paris,,,,https://signsuisse.sgb-fss.ch/fr/lexikon/g/paris-1/,https://dico.elix-lsf.fr/dictionnaire/Paris/n.prop.-196635,lsf-1 lieu ville
parler,,[sound:parler.mp4],,https://signsuisse.sgb-fss.ch/fr/lexikon/g/parler/,,lsf-2 verbe
parrain,,,,https://signsuisse.sgb-fss.ch/fr/lexikon/g/parrain/,,lsf-1 famille
partir,,,,,,lsf-1 verbe
pas,(négation),,,,,lsf-1 
pas cher,,,,,,lsf-2 
pas encore,,,,,,lsf-1 adverbe
pas l'habitude,,,pas + habitude,,,lsf-2 formule
passé,,,,,,lsf-1 
pastèque,,,,,,lsf-1 nature nourriture
patate douce,,,,,,lsf-2 
patron,,,,,,lsf-2 
patte,,[sound:patte.mp4],,https://signsuisse.sgb-fss.ch/fr/lexikon/g/patte/,,lsf-2 animal
pauvre,,,,,,lsf-1 adjectif
payer,,,,https://signsuisse.sgb-fss.ch/fr/lexikon/g/payer/,,lsf-1 verbe
pays - état,,,,https://signsuisse.sgb-fss.ch/fr/lexikon/g/pays/,,lsf-1 
peindre,,,,https://signsuisse.sgb-fss.ch/fr/lexikon/g/peindre-1/,,lsf-2 verbe
penser,,,,,,lsf-1 verbe
perdre (échouer),Être vaincu.,,,https://signsuisse.sgb-fss.ch/fr/lexikon/g/perdre-2/,,lsf-1 verbe
perdre (égarer),,,,https://signsuisse.sgb-fss.ch/fr/lexikon/g/perdre-1/,,lsf-1 verbe
personne ne …,,,,,,lsf-2 
petit pois,,,,https://signsuisse.sgb-fss.ch/fr/lexikon/g/petit-pois/,,lsf-1 nature nourriture
petit-e,,,,https://signsuisse.sgb-fss.ch/fr/lexikon/g/petit-petite-1/,,lsf-1 adjectif
petit-fils,,,,,,lsf-1 famille
petite-fille,,,,,,lsf-1 famille
peur,,,,https://signsuisse.sgb-fss.ch/fr/lexikon/g/peur/,,lsf-1 sentiment
pharmacie,,,,,,lsf-2 lieu service
phoque,,,,,,lsf-1 animal
pied,,[sound:pied.mp4],,https://signsuisse.sgb-fss.ch/fr/lexikon/g/pied/,,lsf-2 
pigéon,,[sound:pigéon.mp4],,https://signsuisse.sgb-fss.ch/fr/lexikon/g/pigeon/,,lsf-2 animal
piment,,,,,,lsf-1 nourriture
pincer,,,,https://signsuisse.sgb-fss.ch/fr/lexikon/g/pincer/,,lsf-2 verbe verbe-loc
pingouin,,,,,,lsf-2 animal
pipi,,,,https://signsuisse.sgb-fss.ch/fr/lexikon/g/pipi-1/,,lsf-2 
piquant,,,,,,lsf-1 adjectif
piquer,Comme piqure,,,https://signsuisse.sgb-fss.ch/fr/lexikon/g/piquer-1/,,lsf-2 verbe verbe-loc
piqûre,,,,https://signsuisse.sgb-fss.ch/fr/lexikon/g/piqure/,,lsf-2 médecine
piscine,,,,https://signsuisse.sgb-fss.ch/fr/lexikon/g/piscine/,,lsf-2 bâtiment lieu sport
pizza,,,,,,lsf-2 nourriture
pièce (représentation),"Théâtre, représentation.",,,https://signsuisse.sgb-fss.ch/fr/lexikon/g/piece-2/,,lsf-1 activité
place,P. ex. dans un cours.,,,https://signsuisse.sgb-fss.ch/fr/lexikon/g/place/,,lsf-1 
plage,,,,,,lsf-2 
Plaine de Plainpalais,,[sound:Plaine de Plainpalais.mp4],,,,lsf-2 lieu
plaisir,,,,https://signsuisse.sgb-fss.ch/fr/lexikon/g/plaisir/,,lsf-1 
plante,,,,,,lsf-1 nature
planète,,,,,,lsf-2 
pleurer,,,,,,lsf-1 verbe
pleuvoir,,,,https://signsuisse.sgb-fss.ch/fr/lexikon/g/pleuvoir/,,lsf-1 nature verbe
pluie,,,,https://signsuisse.sgb-fss.ch/fr/lexikon/g/pluie/,,lsf-1 nature
plus,Davantage.,,,https://signsuisse.sgb-fss.ch/fr/lexikon/g/plus-2/,,lsf-1 
poire,,,,https://signsuisse.sgb-fss.ch/fr/lexikon/g/poire/,,lsf-1 nature nourriture
poireau,,,,,,lsf-2 nourriture
poisson,,,,,,lsf-2 animal nourriture
poissonnerie,,,magasin + poisson,,,lsf-2 lieu
poivre,,,,https://signsuisse.sgb-fss.ch/fr/lexikon/g/poivre/,,lsf-1 nourriture
poivron,,,,,,lsf-2 nourriture
policier - policière,,,,https://signsuisse.sgb-fss.ch/fr/lexikon/g/policier/,,lsf-1 profession
politique,,,,,,lsf-2 
pollution,,,,,,lsf-2 
pomme,,[sound:pomme.mp4],,https://signsuisse.sgb-fss.ch/fr/lexikon/g/pomme/,,lsf-1 nature nourriture
pomme de terre,,,,https://signsuisse.sgb-fss.ch/fr/lexikon/g/pomme-de-terre/,,lsf-1 nature nourriture
pont,,,,https://signsuisse.sgb-fss.ch/fr/lexikon/g/pont/,,lsf-1 bâtiment
porte,,,,https://signsuisse.sgb-fss.ch/fr/lexikon/g/porte/,,lsf-1 bâtiment
porter,,,,https://signsuisse.sgb-fss.ch/fr/lexikon/g/porter/,,lsf-1 verbe
Portugal,,,,https://signsuisse.sgb-fss.ch/fr/lexikon/g/portugal-2/,,lsf-1 lieu pays
poser un lapin,,[sound:poser un lapin.mp4],,,,lsf-1 expression
poule,,[sound:poule.mp4],,https://signsuisse.sgb-fss.ch/fr/lexikon/g/poule/,,lsf-1 animal
poulpe,,,,,,lsf-2 animal
poupée,,,,https://signsuisse.sgb-fss.ch/fr/lexikon/g/poupee/,,lsf-1 outil
pour,,,,https://signsuisse.sgb-fss.ch/fr/lexikon/g/pour/,,lsf-1 préposition
pourquoi,,,,https://signsuisse.sgb-fss.ch/fr/lexikon/g/pourquoi/,,lsf-1 adverbe
poussin,,[sound:poussin.mp4],,https://signsuisse.sgb-fss.ch/fr/lexikon/g/poussin/,,lsf-1 animal
pouvoir,,,,https://signsuisse.sgb-fss.ch/fr/lexikon/g/pouvoir/,,lsf-1 verbe verbe-aff-nég
poèsie,,,,https://signsuisse.sgb-fss.ch/fr/lexikon/g/poesie/,,lsf-1 activité
pratique,Qui concerne la manière concrète d'exercer une activité.,,,https://signsuisse.sgb-fss.ch/fr/lexikon/g/pratique-1/,,lsf-2 
prendre,,,,https://signsuisse.sgb-fss.ch/fr/lexikon/g/prendre/,,lsf-1 verbe
presque,,,,,,lsf-2 
printemps,,,,https://signsuisse.sgb-fss.ch/fr/lexikon/g/printemps/,,lsf-1 
prise de courant,Prise éléctrique.,,,https://signsuisse.sgb-fss.ch/fr/lexikon/g/prise-de-courant/,,lsf-2 
prise de sang,,,,,,lsf-2 
prison,,,,https://signsuisse.sgb-fss.ch/fr/lexikon/g/prison/,,lsf-2 bâtiment
privé,Pas public.,,,https://signsuisse.sgb-fss.ch/fr/lexikon/g/prive/,,lsf-2 adjectif
prix,,,,,,lsf-2 
probablement,,,,https://signsuisse.sgb-fss.ch/fr/lexikon/g/probablement/,,lsf-2 adverbe
problème,Ennui. Difficulté qu'il faut résoudre pour obtenir un certain résultat.,,,https://signsuisse.sgb-fss.ch/fr/lexikon/g/probleme-1,,lsf-1 
prochain,,,,,,lsf-2 
proche,,,,https://signsuisse.sgb-fss.ch/fr/lexikon/g/proche/,,lsf-1 adjectif adverbe
professeur-e,,,,https://signsuisse.sgb-fss.ch/fr/lexikon/g/professeur/,,lsf-1 profession
profiter,,[sound:profiter.mp4],,https://signsuisse.sgb-fss.ch/fr/lexikon/g/profiter/,,lsf-2 verbe
programme,"""Comme dans """"le programme de la semaine""""""",,,,,lsf-2 
promettre,,,,https://signsuisse.sgb-fss.ch/fr/lexikon/g/promettre/,,lsf-1 verbe
pronom,,,,,,lsf-1 langue
prononcer,,[sound:prononcer.mp4],,https://signsuisse.sgb-fss.ch/fr/lexikon/g/prononcer/,,lsf-2 verbe
proposer,,,,,,lsf-1 verbe verbe-dir
propre,,,,,,lsf-1 adjectif
protestant,,,,,,lsf-2 religion
protéger,,,,,,lsf-1 verbe verbe-dir
protégéer,,,,,,lsf-1 verbe-dir
prune,,,,,,lsf-1 fruit nature nourriture
près,,,,https://signsuisse.sgb-fss.ch/fr/lexikon/g/pres/,,lsf-1 adverbe
précis,,[sound:précis.mp4],,https://signsuisse.sgb-fss.ch/fr/lexikon/g/precis/,,lsf-2 adjectif
préférer,,,,https://signsuisse.sgb-fss.ch/fr/lexikon/g/preferer/,,lsf-1 verbe
prénom,,,,https://signsuisse.sgb-fss.ch/fr/lexikon/g/prenom/,,lsf-1 langue
préparer,,,,https://signsuisse.sgb-fss.ch/fr/lexikon/g/preparer/,,lsf-1 verbe
présent,,,,https://signsuisse.sgb-fss.ch/fr/lexikon/g/present/,,lsf-1 calendrier
président,,,,https://signsuisse.sgb-fss.ch/fr/lexikon/g/president/,,lsf-1 profession
prêt,Préparé pour quelque chose.,,,https://signsuisse.sgb-fss.ch/fr/lexikon/g/pret/,,lsf-2 
prêter,,,,https://signsuisse.sgb-fss.ch/fr/lexikon/g/preter/,,lsf-1 verbe verbe-dir
puissant,,,,,,lsf-2 
pull,,,,,,lsf-2 
punir,,,,,,lsf-1 verbe
purée,,,,,,lsf-2 nourriture
Pâques,,,,,,lsf-1 activité événement
pâtes,,,,,,lsf-2 nourriture
Père fouettard,,,,,,lsf-2 
Père Noël,,[sound:Père Noël.mp4],,,,lsf-2 
pénible,,,,,,lsf-1 adjectif
pétition,,[sound:pétition.mp4],,,https://dico.elix-lsf.fr/dictionnaire/pétition/n.f.-198741,lsf-2 activité
pêcher (des poissons),,,,https://signsuisse.sgb-fss.ch/fr/lexikon/g/pecher-1/,,lsf-1 verbe
pêcheur,,,,,,lsf-2 profession
quand,,,,,,lsf-1 adverbe
quand même,,,,https://signsuisse.sgb-fss.ch/fr/lexikon/g/quand-meme/,,lsf-2 adverbe formule
que faire,,,,,,lsf-1 adverbe question
quelqu'un,,,,,,lsf-1 pronom
question,,,,https://signsuisse.sgb-fss.ch/fr/lexikon/g/question/,,lsf-1 communication
qui,,,,,,lsf-1 adverbe
quinoa,,,,https://signsuisse.sgb-fss.ch/fr/lexikon/g/quinoa/,,nourriture nature
quoi,,,,,,lsf-1 adverbe
raclette,,,,,,lsf-2 nourriture
raconter,,,,,,lsf-1 verbe verbe-dir
radio,,,,,,lsf-2 communication technologie
raisin,,,,,,lsf-1 nature nourriture
ranger,,,,,,lsf-1 verbe
rapide,,[sound:rapide.mp4],,https://signsuisse.sgb-fss.ch/fr/lexikon/g/rapide/,,lsf-2 adjectif
raquettes,,,,,,lsf-1 
rarement,,,,https://signsuisse.sgb-fss.ch/fr/lexikon/g/rarement/,,lsf-2 adverbe
rat,,,,,,lsf-1 animal
recette,,,,,,lsf-1 
recommencer,,,,https://signsuisse.sgb-fss.ch/fr/lexikon/g/recommencer/,,lsf-1 verbe
recyclable,,[sound:recyclable.mp4],,https://signsuisse.sgb-fss.ch/fr/lexikon/g/recyclable/,,lsf-2 adjectif
refuser,,,,https://signsuisse.sgb-fss.ch/fr/lexikon/g/refuser/,,lsf-2 verbe
regarder,,,,https://signsuisse.sgb-fss.ch/fr/lexikon/g/regarder-1/,,lsf-2 verbe
Reims,,,,,,lsf-1 lieu ville
reine,,,,,,lsf-1 profession
relation,,,,,,lsf-2 
rembourser,,,,https://signsuisse.sgb-fss.ch/fr/lexikon/g/rembourser/,,lsf-2 verbe
remplacer,,[sound:remplacer.mp4],,https://signsuisse.sgb-fss.ch/fr/lexikon/g/remplacer/,,lsf-2 verbe
renard,,,,,,lsf-1 animal
rencontrer,,,,,,lsf-1 verbe
renne,,,,,,lsf-2 animal
repas de midi,,,midi + manger,,,lsf-2 formule
reporter,Déplacer une date,,,,,lsf-2 
reprendre,,,,,,lsf-1 verbe
requin,,,,https://signsuisse.sgb-fss.ch/fr/lexikon/g/requin/,,lsf-1 animal
respect,,,respecter,https://signsuisse.sgb-fss.ch/fr/lexikon/g/respect/,,lsf-2 
respecter,,[sound:respecter.mp4],,https://signsuisse.sgb-fss.ch/fr/lexikon/g/respecter/,,lsf-2 verbe
respirer,,,,https://signsuisse.sgb-fss.ch/fr/lexikon/g/respirer/,,lsf-2 verbe
ressembler,,,,https://signsuisse.sgb-fss.ch/fr/lexikon/g/ressembler/,,lsf-2 verbe
restaurant,,,,,,lsf-1 lieu
rester,,,,,,lsf-1 verbe
retraite,,,,,,lsf-2 
revenir,,,,,,lsf-2 
rhinocéros,,,"(en cours, deux mains en «J» depuis le nez)",https://signsuisse.sgb-fss.ch/fr/lexikon/g/rhinoceros/,,lsf-1 animal
rhum,,,,https://signsuisse.sgb-fss.ch/fr/lexikon/g/rhum/,,lsf-1 nourriture
rhume,,,,,,lsf-2 
riche,,,,,,lsf-1 adjectif
rien,,,,,,lsf-1 adverbe
rien à voir,,,,,,lsf-1 expression
rigoler,,,,https://signsuisse.sgb-fss.ch/fr/lexikon/g/rigoler/,,lsf-1 verbe
risque,,,,,,lsf-2 
rivière,,,,https://signsuisse.sgb-fss.ch/fr/lexikon/g/riviere/,,lsf-1 nature
riz,,,,,,lsf-1 nourriture
robinet,,,,,,lsf-2 
roi,,,,,,lsf-1 profession
Roland Garros,,,,,,lsf-1 événement
romantique,,,,,,lsf-1 
rose,,,,,,lsf-1 couleur
roue,,,,,,lsf-1 outil
rouge,,,,,,lsf-1 couleur
route,,,,,,lsf-1 
Russie,,,,https://signsuisse.sgb-fss.ch/fr/lexikon/g/russie/,,lsf-1 lieu pays
râler,,,,https://signsuisse.sgb-fss.ch/fr/lexikon/g/raler/,,verbe
règle,"Principe, maxime, loi, enseignement.",,,https://signsuisse.sgb-fss.ch/fr/lexikon/g/regle-2/,,lsf-1 
règles (menstruation),,,,https://signsuisse.sgb-fss.ch/fr/lexikon/g/regles/,,lsf-2 médecine
réel - réelle,,,,https://signsuisse.sgb-fss.ch/fr/lexikon/g/reel-reelle/,,lsf-2 
réfléchir,,,,,,lsf-1 verbe
réjoindre,,,,,,lsf-1 verbe verbe-dir
réparer,,,,,,lsf-2 
répondre,,,,,,lsf-1 verbe verbe-dir
répéter,,,,,,lsf-1 verbe
réserver (réservation),P.ex. réserver une chambre d'hôtel.,,,https://signsuisse.sgb-fss.ch/fr/lexikon/g/reserver-1/,,lsf-1 verbe
réserver (réserve),Garder de côté.,,,https://signsuisse.sgb-fss.ch/fr/lexikon/g/reserver-2/,,lsf-1 verbe
réunion,,,,,,lsf-2 
réveiller,,,,https://signsuisse.sgb-fss.ch/fr/lexikon/g/reveiller/,,lsf-2 verbe
Réveillon,,,,https://signsuisse.sgb-fss.ch/fr/lexikon/g/reveillon/,,lsf-1 activité
réviser,,,,,,lsf-1 verbe
rêver,,,,,,lsf-1 verbe
rôle,,,,,,lsf-1 
s'amuser,,,,,,lsf-1 verbe
s'améliorer,,,,https://signsuisse.sgb-fss.ch/fr/lexikon/g/sameliorer/,,lsf-2 verbe
s'appeler,,,,,,lsf-1 verbe
s'enfuir,,,,https://signsuisse.sgb-fss.ch/fr/lexikon/g/senfuir/,,lsf-1 verbe
s'habiller,,,,https://signsuisse.sgb-fss.ch/fr/lexikon/g/shabiller/,,lsf-1 verbe
s'il te plaît - s'il vous plaît,,,,,,lsf-1 formule
s'occuper,,,(homosigne de «organiser»),https://signsuisse.sgb-fss.ch/fr/lexikon/g/soccuper/,,lsf-1 verbe
s'énerver,,,,,,lsf-2 
sage,,,,,,lsf-1 adjectif
saigner,,,,https://signsuisse.sgb-fss.ch/fr/lexikon/g/sang-saigner/,,lsf-2 verbe verbe-loc
Saint Gall,,,,,,lsf-2 canton lieu
Saint Nicolas,,[sound:Saint Nicolas.mp4],,,,lsf-2 
saison,,,,,,lsf-1 calendrier
salade,,,,,,lsf-1 nourriture
salade verte,,,,,,lsf-2 nourriture
Salam Al-hekum,,,,,,lsf-1 formule
sale,,,,https://signsuisse.sgb-fss.ch/fr/lexikon/g/sale/,,lsf-1 adjectif
salle,,,,,,lsf-1 bâtiment
salon,,,,,,lsf-1 bâtiment
Salève,,,,https://signsuisse.sgb-fss.ch/fr/lexikon/g/saleve/,,lsf-1 lieu
samedi,,,,,,lsf-1 calendrier
sandwich,,,,,,lsf-2 nourriture
sang,,,(variante GE),https://signsuisse.sgb-fss.ch/fr/lexikon/g/sang-saigner/,,lsf-2 médecine
sanglier,,,,,,lsf-1 animal
sans,,,,,,lsf-1 adverbe
santé,,,,,,lsf-1 formule médecine
sapin,,,,,,lsf-2 nature
satellite,,[sound:satellite.mp4],,,,lsf-2 
sauce,,,,,,lsf-2 nourriture
sauf,,,,https://signsuisse.sgb-fss.ch/fr/lexikon/g/sauf/,,lsf-1 préposition
saumon,,,,,,lsf-2 animal nourriture
sauterelle,,,,,,lsf-1 animal
sauver,,,,,,lsf-1 verbe
savoir,,,,https://signsuisse.sgb-fss.ch/fr/lexikon/g/savoir-2/,,lsf-1 verbe verbe-aff-nég
Schaffhouse,,,,,,lsf-2 canton lieu
Schwyz,,,,,,lsf-2 canton lieu
science,,,,https://signsuisse.sgb-fss.ch/fr/lexikon/g/science-scientifique/,,lsf-2 
scientifique,,,,https://signsuisse.sgb-fss.ch/fr/lexikon/g/science-scientifique/,,lsf-2 adjectif
scooter,,,,,,lsf-1 outil transport
se cacher,,,,,,lsf-1 verbe
se cogner,,,,https://signsuisse.sgb-fss.ch/fr/lexikon/g/se-cogner/,,lsf-2 verbe verbe-loc
se couper,,,,https://signsuisse.sgb-fss.ch/fr/lexikon/g/se-couper/,,lsf-2 verbe verbe-loc
se demander,,,,https://signsuisse.sgb-fss.ch/fr/lexikon/g/se-demander/,,lsf-1 verbe
se garer,,,,,,lsf-1 verbe
se gratter,,,,https://signsuisse.sgb-fss.ch/fr/lexikon/g/se-gratter/,,lsf-2 verbe verbe-loc
se laver,"Se laver les cheveux, se laver les dents.",,,https://signsuisse.sgb-fss.ch/fr/lexikon/g/laver-2/,,lsf-2 verbe verbe-loc
se moquer,,,,,,lsf-1 verbe verbe-dir
se promener,,,,,,lsf-1 verbe
se rappeler,,,,https://signsuisse.sgb-fss.ch/fr/lexikon/g/se-rappeler/,,lsf-2 verbe
se raser,,,,https://signsuisse.sgb-fss.ch/fr/lexikon/g/se-raser/,,lsf-2 verbe verbe-loc
se reposer,,,,,,lsf-1 verbe
se réveiller,,,,https://signsuisse.sgb-fss.ch/fr/lexikon/g/se-reveiller/,,lsf-2 verbe
se souvenir,,,,https://signsuisse.sgb-fss.ch/fr/lexikon/g/se-souvenir/,,lsf-2 verbe
sec - sèche,,,,https://signsuisse.sgb-fss.ch/fr/lexikon/g/sec-seche/,,lsf-1 adjectif
seconde,,,,https://signsuisse.sgb-fss.ch/fr/lexikon/g/seconde/,,lsf-1 calendrier
sel,,,,https://signsuisse.sgb-fss.ch/fr/lexikon/g/sel/,,lsf-1 nourriture
semaine,,,,https://signsuisse.sgb-fss.ch/fr/lexikon/g/semaine/,,lsf-1 calendrier
sens,Signification.,,,https://signsuisse.sgb-fss.ch/fr/lexikon/g/sens/,,lsf-2 
sensible,,,(plutôt la version Elix),https://signsuisse.sgb-fss.ch/fr/lexikon/g/sensible/,https://dico.elix-lsf.fr/dictionnaire/sensible/adj.-214574,lsf-1 adjectif sentiment
sentiment,,,,,,lsf-1 
septembre,,,,https://signsuisse.sgb-fss.ch/fr/lexikon/g/septembre/,,lsf-1 calendrier
serpent,,,,,,lsf-1 animal
serveur - serveuse,,,,,,lsf-2 
serviette,,,,,,lsf-2 outil
seul,,,,https://signsuisse.sgb-fss.ch/fr/lexikon/g/seul/,,lsf-1 adverbe
seulement,,,,,,lsf-1 
sexe,Genre qui peut être masculin ou féminin.,,,https://signsuisse.sgb-fss.ch/fr/lexikon/g/sexe/,,lsf-1 médecine
si,,,,,,lsf-1 
signature,,,,https://signsuisse.sgb-fss.ch/fr/lexikon/g/signature/,,lsf-1 
signer,,,,,,lsf-1 verbe
silence,,,,,,lsf-1 
simple,,,,https://signsuisse.sgb-fss.ch/fr/lexikon/g/simple/,,lsf-1 adjectif
singe,,,,,,lsf-2 animal
sinon,,,,,,lsf-1 
site internet,,[sound:site internet.mp4],,,,lsf-1 technologie
ski,,,,,,lsf-1 
SMS,,,,,,lsf-1 communication technologie
soigner,,,,https://signsuisse.sgb-fss.ch/fr/lexikon/g/soigner/,,lsf-1 verbe verbe-dir
soir,,,,,,lsf-1 
soldat,,,,,,lsf-2 
soldes,"Action, prix réduits",,,,,lsf-2 
soleil,,,,,,lsf-1 nature
Soleure,,,,,,lsf-2 canton lieu
solide,,,,,,lsf-1 adjectif
sombre - obscur,,,,,,lsf-1 adjectif
sorcier - sorcière,,,,,,lsf-2 profession
sortir,,,,,,lsf-1 verbe
souffler,,,,https://signsuisse.sgb-fss.ch/fr/lexikon/g/souffler/,,lsf-1 verbe
soumis-e,,[sound:soumis-e.mp4],,https://signsuisse.sgb-fss.ch/fr/lexikon/g/soumis-soumise/,,lsf-2 adjectif sentiment
soupe,,,,,,lsf-1 nourriture
souper,,,soir + manger,,,lsf-2 formule
sourd,,,,,,lsf-1 adjectif
sourd profond,,,,,,lsf-1 adjectif
sourd sévère,,,,,,lsf-1 adjectif
souris,,,,,,lsf-1 animal
souvenir,,,,,,lsf-2 
souvent,,,,,,lsf-1 adverbe
spaghettis,,,,,,lsf-2 nourriture
spectacle,,,(homosigne de théâtre),https://signsuisse.sgb-fss.ch/fr/lexikon/g/spectacle/,,lsf-1 activité
sport,,,,,,lsf-1 
sportif,,,,,,lsf-1 
spécial-e,,,,https://signsuisse.sgb-fss.ch/fr/lexikon/g/special/,,lsf-2 adjectif
stress,,,,https://signsuisse.sgb-fss.ch/fr/lexikon/g/stress-3/,,lsf-1 sentiment médecine 
stylo,,,,,,lsf-2 outil
subtil,,,,,,lsf-1 adjectif
sucre,,,,,,lsf-1 nourriture
suisse,,,,,,lsf-2 gentilé
Suisse,,,,https://signsuisse.sgb-fss.ch/fr/lexikon/g/suisse/,,lsf-1 lieu pays
suivre,,,,,,lsf-1 verbe verbe-dir
sujet,(à propos de),,,,,lsf-2 
supermarché,,,,,,lsf-2 
sur,"Au dessus de, là dessus, dessus.",,(ne se signe pas en général),https://signsuisse.sgb-fss.ch/fr/lexikon/g/sur/,,lsf-1 préposition
surprise,,,,https://signsuisse.sgb-fss.ch/fr/lexikon/g/surprise/,,lsf-2 sentiment
surveiller,,,,,,lsf-1 verbe
Suède,,,,,,lsf-1 lieu pays
sympathique,,,(homosigne de «facile»),https://signsuisse.sgb-fss.ch/fr/lexikon/g/sympathique/,,lsf-1 adjectif
Sénégal,,,,,,lsf-2 lieu pays
sérieux - sérieuse,,,,https://signsuisse.sgb-fss.ch/fr/lexikon/g/serieux/,,lsf-1 adjectif
sévère,,,,,,lsf-2 adjectif
sœur,,,,,,lsf-1 famille
taille crayon,,,,,,lsf-2 outil
tais-toi!,,,"canard (à côté de la tête, pas en face)",,,lsf-1 formule
tante,,,comme «thé» mais à côté (variante GE du lexique FSS),https://signsuisse.sgb-fss.ch/fr/lexikon/g/tante/,,lsf-1 famille
taper,,,"(en cours, aussi avec la paume)",https://signsuisse.sgb-fss.ch/fr/lexikon/g/taper/,,lsf-2 verbe verbe-loc
taquiner,,,,,,lsf-1 verbe verbe-dir
tard,,,,https://signsuisse.sgb-fss.ch/fr/lexikon/g/tard/,,lsf-2 adverbe
tatouage,,,,,,lsf-2 
taupe,,[sound:taupe.mp4],,https://signsuisse.sgb-fss.ch/fr/lexikon/g/taupe/,,lsf-2 animal
taureau,,[sound:taureau.mp4],,https://signsuisse.sgb-fss.ch/fr/lexikon/g/taureau/,,lsf-2 animal
Tchéquie,,,,https://signsuisse.sgb-fss.ch/fr/lexikon/g/republique-tcheque/,,lsf-1 lieu pays
tente,,,,https://signsuisse.sgb-fss.ch/fr/lexikon/g/tente/,,lsf-2 outil
Tessin,,,,,,lsf-2 canton lieu
Thaïlande,,,,,,lsf-1 lieu pays
Thurgovie,,,,,,lsf-2 canton lieu
thème,,,,,,lsf-2 
thé,,,,,,lsf-1 nourriture
théatre,,,,,,lsf-1 activité
théorie,,,,https://signsuisse.sgb-fss.ch/fr/lexikon/g/theorie/,,lsf-2 
tigre,,,,,,lsf-1 animal
tirer,,,,https://signsuisse.sgb-fss.ch/fr/lexikon/g/tirer/,,lsf-2 verbe verbe-loc
titre,,,,,,lsf-1 
toilettes,,,,,,lsf-1 
tomber,,,,https://signsuisse.sgb-fss.ch/fr/lexikon/g/tomber/,,lsf-1 verbe
tortue,,[sound:tortue.mp4],,,,lsf-1 animal
tortue marine,,[sound:tortue marine.mp4],,,,lsf-1 animal
toucher,,,,https://signsuisse.sgb-fss.ch/fr/lexikon/g/toucher/,,lsf-2 verbe verbe-loc
toujours,,,,,,lsf-1 adverbe
tourisme,,,,,,lsf-2 
tous les jours,,,,,,lsf-1 formule
Toussaint,,,,https://signsuisse.sgb-fss.ch/fr/lexikon/g/toussaint/,,lsf-1 activité religion
tout,,,,,,lsf-1 adverbe
tout de suite,,,,https://signsuisse.sgb-fss.ch/fr/lexikon/g/tout-de-suite/,,lsf-2 adverbe
toxique,,,,,,lsf-2 
tradition,,,,https://signsuisse.sgb-fss.ch/fr/lexikon/g/tradition/,,lsf-1 
train,,,,,,lsf-1 outil transport
tram,,,,,,lsf-1 outil transport
tranquille,,,,,,lsf-1 adjectif
travailler,,,,,,lsf-1 verbe
travaux,,,,,,lsf-2 
traîneau,,,,,,lsf-2 
tricher,,,,,,lsf-1 verbe
tricoter,,,,,,lsf-2 
triste,,,,,,lsf-1 adjectif
trop,,,,https://signsuisse.sgb-fss.ch/fr/lexikon/g/trop/,,lsf-1 adverbe
trouver,,,,https://signsuisse.sgb-fss.ch/fr/lexikon/g/trouver/,,lsf-1 verbe
typique,,,,,,lsf-1 adjectif
téléphoner,,,,,,lsf-1 verbe verbe-dir
télétravail,,[sound:télétravail.mp4],,,,lsf-2 
tête,,,,,,lsf-1 
tôt,,,,https://signsuisse.sgb-fss.ch/fr/lexikon/g/tot/,,lsf-2 adverbe
UE,,,,,,lsf-1 
Ukraine,,,,,,lsf-1 lieu pays
un peu,,,,,,lsf-1 adverbe formule
uniforme,,[sound:uniforme.mp4],,,,lsf-2 habit
universel - universelle,,[sound:universel - universelle.mp4],,,https://dico.elix-lsf.fr/dictionnaire/universel/adj.-224456,lsf-2 adjectif
université,,,,,,lsf-1 lieu
Unterwald,,,,,,lsf-2 canton lieu
urgence,,,,https://signsuisse.sgb-fss.ch/fr/lexikon/g/urgence/,,lsf-2 
Uri,,,,,,lsf-2 canton lieu
utiliser,,,,https://signsuisse.sgb-fss.ch/fr/lexikon/g/utiliser/,,lsf-2 verbe
vacances,,,,https://signsuisse.sgb-fss.ch/fr/lexikon/g/vacances/,,lsf-1 activité
vaccin,,[sound:vaccin.mp4],,https://signsuisse.sgb-fss.ch/fr/lexikon/g/vaccin/,,lsf-2 médecine
vache,,,,https://signsuisse.sgb-fss.ch/fr/lexikon/g/vache/,,lsf-1 animal
Valais,,,,,,lsf-2 canton lieu
vanter,,,,,https://dico.elix-lsf.fr/dictionnaire/vanter/v.-225041,lsf-1 verbe
Vaud,,,,https://signsuisse.sgb-fss.ch/fr/lexikon/g/vaud/,,lsf-1 canton lieu
veau,,,,,,lsf-1 animal
vendre,,,,,,lsf-1 verbe verbe-dir
vendredi,,,,,,lsf-1 calendrier
vent,,,,,,lsf-1 nature
ventre,,,,,,lsf-1 
ver de terre,,,,,https://dico.elix-lsf.fr/dictionnaire/ver/n.m.-225508,lsf-2 animal
verbe,,,,https://signsuisse.sgb-fss.ch/fr/lexikon/g/verbe/,,lsf-1 langue
verbe affirmatif-négatif,,,,,,lsf-1 langue
verbe directionnel,,,,,,lsf-1 langue
verre (matériau),,,,,,lsf-1 bâtiment
verre (récipient),,,,,,lsf-1 outil
Versoix,,[sound:Versoix.mp4],,https://signsuisse.sgb-fss.ch/fr/lexikon/g/versoix/,,lsf-2 lieu ville
vert,,,,https://signsuisse.sgb-fss.ch/fr/lexikon/g/vert/,,lsf-1 couleur
vexé-e,,,,,,lsf-1 adjectif sentiment
viande,,,,,,lsf-2 nourriture
viande seché,,,viande + sec,,,lsf-2 nourriture
Vietnam,,,,https://signsuisse.sgb-fss.ch/fr/lexikon/g/vietnam-2/,,lsf-1 lieu pays
vieux - vieille,,,,https://signsuisse.sgb-fss.ch/fr/lexikon/g/vieux/,,lsf-1 adjectif
vif - vive,,,,,,lsf-1 adjectif
village,,,,https://signsuisse.sgb-fss.ch/fr/lexikon/g/village/,,lsf-1 lieu
ville,,,,https://signsuisse.sgb-fss.ch/fr/lexikon/g/ville/,,lsf-1 lieu
vin,,,,https://signsuisse.sgb-fss.ch/fr/lexikon/g/vin/,,lsf-1 nourriture
violent-e,,,,,,lsf-1 adjectif
violet,,,,https://signsuisse.sgb-fss.ch/fr/lexikon/g/violet/,,lsf-1 couleur
virus,,,,,,lsf-2 médecine
visiter,,,,,,lsf-2 
vite,,,,,,lsf-1 adverbe
vivant,,,,https://signsuisse.sgb-fss.ch/fr/lexikon/g/vivant/,,lsf-1 adjectif
vodka,,,,,,lsf-1 nourriture
voilà,,,,https://signsuisse.sgb-fss.ch/fr/lexikon/g/voila/,,lsf-1 
voir,,,,https://signsuisse.sgb-fss.ch/fr/lexikon/g/voir/,,lsf-2 verbe
voisin,,,,https://signsuisse.sgb-fss.ch/fr/lexikon/g/voisin/,,lsf-2 
voix,,,,https://signsuisse.sgb-fss.ch/fr/lexikon/g/voix-1/,,lsf-1 
volcan,,,,,,lsf-2 nature
voler (prendre),,,,https://signsuisse.sgb-fss.ch/fr/lexikon/g/voler-1/,,lsf-1 verbe
vouloir,,,,https://signsuisse.sgb-fss.ch/fr/lexikon/g/vouloir/,,lsf-1 verbe verbe-aff-nég
voyager,,[sound:voyager.mp4],,https://signsuisse.sgb-fss.ch/fr/lexikon/g/voyager/,,lsf-2 verbe
vrai,,,,https://signsuisse.sgb-fss.ch/fr/lexikon/g/vrai/,,lsf-1 adjectif
végan,,,,,,lsf-2 adjectif
végétarien - végétarienne,,,,,,lsf-2 adjectif
vélo,,,,https://signsuisse.sgb-fss.ch/fr/lexikon/g/velo-bicyclette/,,lsf-1 outil transport
vêtement,,,,,,lsf-1 habit
weekend,,,"«W» --> «E», ou «S» + «D»",https://signsuisse.sgb-fss.ch/fr/lexikon/g/week-end-1/,,lsf-1 calendrier
yaourt,,,,,,lsf-2 nourriture
YouTube,,,,,,lsf-1 technologie
Zoug,,,,,,lsf-2 canton lieu
Zurich,,,,,,lsf-2 canton lieu
zèbre,,,,,,lsf-1 animal
à l'aise,,[sound:à l'aise.mp4],,https://signsuisse.sgb-fss.ch/fr/lexikon/g/a-laise/,,lsf-2 adjectif
à pied,,,,https://signsuisse.sgb-fss.ch/fr/lexikon/g/a-pied/,,lsf-1 formule
à tout à l'heure,,,,https://signsuisse.sgb-fss.ch/fr/lexikon/g/a-tout-a-lheure/,,lsf-2 formule
âne,,,,https://signsuisse.sgb-fss.ch/fr/lexikon/g/ane/,,lsf-2 animal
ça,,,,,,lsf-1 
ça dépend,,,,,,lsf-2 formule
ça va,,,,,,lsf-1 formule
échelle,,,,,,lsf-1 outil
éclair,,,,,,lsf-1 
école,,,,,,lsf-1 lieu
écologie,,,,,,lsf-2 
écouter,,,,,,lsf-1 verbe
écrire,,,,https://signsuisse.sgb-fss.ch/fr/lexikon/g/ecrire/,,lsf-1 verbe
écureuil,,,,,,lsf-1 animal
église,,,,,,lsf-2 
égoïste,,,,,,lsf-1 adjectif
éléctricité,,,,https://signsuisse.sgb-fss.ch/fr/lexikon/g/electricite/,,lsf-2 
éléphant,,,,,,lsf-1 animal
ému-e,,,,,,lsf-1 sentiment
énergie,,,,,,lsf-1 
énerver,,,,https://signsuisse.sgb-fss.ch/fr/lexikon/g/enerver/,,lsf-2 verbe
épanouir,,[sound:épanouir.mp4],,https://signsuisse.sgb-fss.ch/fr/lexikon/g/epanouir/,,lsf-2 sentiment verbe
épeler,,,,,,lsf-1 verbe
étage,,,,,,lsf-2 
étoile,,,,,,lsf-2 nature
étonner,,,,https://signsuisse.sgb-fss.ch/fr/lexikon/g/etonner/,,lsf-2 verbe
étranger,"""Comme dans """"à l'étranger""""""",,,,,lsf-2 
étudiant-e,,,,,,lsf-1 profession
étudier,,,,,,lsf-1 verbe
été,,,,,,lsf-1 
être d'accord,,,,,,lsf-1 verbe verbe-aff-nég
être en retard,,,,,,lsf-1 verbe
être fini,,,,,,lsf-1 verbe verbe-aff-nég
être là,,,,https://signsuisse.sgb-fss.ch/fr/lexikon/g/etre-la/,,lsf-1 verbe verbe-aff-nég
œuf,,,,,,lsf-1 nature nourriture
